month,consumer_id,feeder_id,division,segment,consumption_kwh,billed_amount_inr,amount_collected_inr,meter_route
2025-01-01,C00001,F001,Agra Urban,Agricultural,1129,6322,5639,Route B
2025-02-01,C00002,F002,Agra Rural,Industrial,1999,16392,15015,Route C
2025-03-01,C00003,F003,Mathura,Commercial,819,6061,5697,Route D
2025-04-01,C00004,F004,Aligarh,Residential,419,2556,2464,Route E
2025-05-01,C00005,F005,Agra Urban,Agricultural,1409,7890,7795,Route A
2025-06-01,C00006,F006,Agra Rural,Industrial,2279,18688,16670,Route B
2025-07-01,C00007,F007,Mathura,Commercial,1099,8133,7450,Route C
2025-08-01,C00008,F008,Aligarh,Residential,699,4264,4008,Route D
2025-09-01,C00009,F009,Agra Urban,Agricultural,1689,9458,9118,Route E
2025-10-01,C00010,F010,Agra Rural,Industrial,2559,20984,20732,Route A
2025-11-01,C00011,F011,Mathura,Commercial,679,5025,4482,Route B
2025-12-01,C00012,F012,Aligarh,Residential,279,1702,1559,Route C
2025-01-01,C00013,F001,Agra Urban,Agricultural,1477,8271,7576,Route D
2025-02-01,C00014,F002,Agra Rural,Industrial,2347,19245,18090,Route E
2025-03-01,C00015,F003,Mathura,Commercial,1167,8636,8325,Route A
2025-04-01,C00016,F004,Aligarh,Residential,767,4679,4623,Route B
2025-05-01,C00017,F005,Agra Urban,Agricultural,1757,9839,8776,Route C
2025-06-01,C00018,F006,Agra Rural,Industrial,1927,15801,14474,Route D
2025-07-01,C00019,F007,Mathura,Commercial,747,5528,5196,Route E
2025-08-01,C00020,F008,Aligarh,Residential,347,2117,2041,Route A
2025-09-01,C00021,F009,Agra Urban,Agricultural,1337,7487,7397,Route B
2025-10-01,C00022,F010,Agra Rural,Industrial,2207,18097,16143,Route C
2025-11-01,C00023,F011,Mathura,Commercial,1027,7600,6962,Route D
2025-12-01,C00024,F012,Aligarh,Residential,627,3825,3596,Route E
2025-01-01,C00025,F001,Agra Urban,Agricultural,1125,6300,5922,Route A
2025-02-01,C00026,F002,Agra Rural,Industrial,1995,16359,15770,Route B
2025-03-01,C00027,F003,Mathura,Commercial,815,6031,5959,Route C
2025-04-01,C00028,F004,Aligarh,Residential,415,2532,2259,Route D
2025-05-01,C00029,F005,Agra Urban,Agricultural,1405,7868,7207,Route E
2025-06-01,C00030,F006,Agra Rural,Industrial,2275,18655,17536,Route A
2025-07-01,C00031,F007,Mathura,Commercial,1095,8103,7811,Route B
2025-08-01,C00032,F008,Aligarh,Residential,695,4240,4189,Route C
2025-09-01,C00033,F009,Agra Urban,Agricultural,1685,9436,8417,Route D
2025-10-01,C00034,F010,Agra Rural,Industrial,2555,20951,19191,Route E
2025-11-01,C00035,F011,Mathura,Commercial,675,4995,4695,Route A
2025-12-01,C00036,F012,Aligarh,Residential,275,1678,1618,Route B
2025-01-01,C00037,F001,Agra Urban,Agricultural,1473,8249,7952,Route C
2025-02-01,C00038,F002,Agra Rural,Industrial,2343,19213,18982,Route D
2025-03-01,C00039,F003,Mathura,Commercial,1163,8606,7677,Route E
2025-04-01,C00040,F004,Aligarh,Residential,763,4654,4263,Route A
2025-05-01,C00041,F005,Agra Urban,Agricultural,1753,9817,9228,Route B
2025-06-01,C00042,F006,Agra Rural,Industrial,1923,15769,15201,Route C
2025-07-01,C00043,F007,Mathura,Commercial,743,5498,5432,Route D
2025-08-01,C00044,F008,Aligarh,Residential,343,2092,1866,Route E
2025-09-01,C00045,F009,Agra Urban,Agricultural,1333,7465,6838,Route A
2025-10-01,C00046,F010,Agra Rural,Industrial,2203,18065,16981,Route B
2025-11-01,C00047,F011,Mathura,Commercial,1023,7570,7297,Route C
2025-12-01,C00048,F012,Aligarh,Residential,623,3800,3754,Route D
2025-01-01,C00049,F001,Agra Urban,Agricultural,1121,6278,6203,Route E
2025-02-01,C00050,F002,Agra Rural,Industrial,1991,16326,14563,Route A
2025-03-01,C00051,F003,Mathura,Commercial,811,6001,5497,Route B
2025-04-01,C00052,F004,Aligarh,Residential,411,2507,2357,Route C
2025-05-01,C00053,F005,Agra Urban,Agricultural,1401,7846,7564,Route D
2025-06-01,C00054,F006,Agra Rural,Industrial,2271,18622,18399,Route E
2025-07-01,C00055,F007,Mathura,Commercial,1091,8073,7201,Route A
2025-08-01,C00056,F008,Aligarh,Residential,691,4215,3861,Route B
2025-09-01,C00057,F009,Agra Urban,Agricultural,1681,9414,8849,Route C
2025-10-01,C00058,F010,Agra Rural,Industrial,2551,20918,20165,Route D
2025-11-01,C00059,F011,Mathura,Commercial,671,4965,4905,Route E
2025-12-01,C00060,F012,Aligarh,Residential,271,1653,1474,Route A
2025-01-01,C00061,F001,Agra Urban,Agricultural,1469,8226,7338,Route B
2025-02-01,C00062,F002,Agra Rural,Industrial,2339,19180,17569,Route C
2025-03-01,C00063,F003,Mathura,Commercial,1159,8577,8062,Route D
2025-04-01,C00064,F004,Aligarh,Residential,759,4630,4463,Route E
2025-05-01,C00065,F005,Agra Urban,Agricultural,1749,9794,9676,Route A
2025-06-01,C00066,F006,Agra Rural,Industrial,1919,15736,14037,Route B
2025-07-01,C00067,F007,Mathura,Commercial,739,5469,5010,Route C
2025-08-01,C00068,F008,Aligarh,Residential,339,2068,1944,Route D
2025-09-01,C00069,F009,Agra Urban,Agricultural,1329,7442,7174,Route E
2025-10-01,C00070,F010,Agra Rural,Industrial,2199,18032,17816,Route A
2025-11-01,C00071,F011,Mathura,Commercial,1019,7541,6727,Route B
2025-12-01,C00072,F012,Aligarh,Residential,619,3776,3459,Route C
2025-01-01,C00073,F001,Agra Urban,Agricultural,1117,6255,5730,Route D
2025-02-01,C00074,F002,Agra Rural,Industrial,1987,16293,15315,Route E
2025-03-01,C00075,F003,Mathura,Commercial,807,5972,5757,Route A
2025-04-01,C00076,F004,Aligarh,Residential,407,2483,2453,Route B
2025-05-01,C00077,F005,Agra Urban,Agricultural,1397,7823,6978,Route C
2025-06-01,C00078,F006,Agra Rural,Industrial,2267,18589,17028,Route D
2025-07-01,C00079,F007,Mathura,Commercial,1087,8044,7561,Route E
2025-08-01,C00080,F008,Aligarh,Residential,687,4191,4040,Route A
2025-09-01,C00081,F009,Agra Urban,Agricultural,1677,9391,9278,Route B
2025-10-01,C00082,F010,Agra Rural,Industrial,2547,20885,18629,Route C
2025-11-01,C00083,F011,Mathura,Commercial,667,4936,4521,Route D
2025-12-01,C00084,F012,Aligarh,Residential,267,1629,1531,Route E
2025-01-01,C00085,F001,Agra Urban,Agricultural,1465,8204,7712,Route A
2025-02-01,C00086,F002,Agra Rural,Industrial,2335,19147,18458,Route B
2025-03-01,C00087,F003,Mathura,Commercial,1155,8547,8444,Route C
2025-04-01,C00088,F004,Aligarh,Residential,755,4606,4109,Route D
2025-05-01,C00089,F005,Agra Urban,Agricultural,1745,9772,8951,Route E
2025-06-01,C00090,F006,Agra Rural,Industrial,1915,15703,14761,Route A
2025-07-01,C00091,F007,Mathura,Commercial,735,5439,5243,Route B
2025-08-01,C00092,F008,Aligarh,Residential,335,2043,2018,Route C
2025-09-01,C00093,F009,Agra Urban,Agricultural,1325,7420,6619,Route D
2025-10-01,C00094,F010,Agra Rural,Industrial,2195,17999,16487,Route E
2025-11-01,C00095,F011,Mathura,Commercial,1015,7511,7060,Route A
2025-12-01,C00096,F012,Aligarh,Residential,615,3752,3617,Route B
2025-01-01,C00097,F001,Agra Urban,Agricultural,1113,6233,6009,Route C
2025-02-01,C00098,F002,Agra Rural,Industrial,1983,16261,16066,Route D
2025-03-01,C00099,F003,Mathura,Commercial,803,5942,5300,Route E
2025-04-01,C00100,F004,Aligarh,Residential,403,2458,2252,Route A
2025-05-01,C00101,F005,Agra Urban,Agricultural,1393,7801,7333,Route B
2025-06-01,C00102,F006,Agra Rural,Industrial,2263,18557,17889,Route C
2025-07-01,C00103,F007,Mathura,Commercial,1083,8014,7918,Route D
2025-08-01,C00104,F008,Aligarh,Residential,683,4166,3716,Route E
2025-09-01,C00105,F009,Agra Urban,Agricultural,1673,9369,8582,Route A
2025-10-01,C00106,F010,Agra Rural,Industrial,2543,20853,19602,Route B
2025-11-01,C00107,F011,Mathura,Commercial,663,4906,4729,Route C
2025-12-01,C00108,F012,Aligarh,Residential,263,1604,1585,Route D
2025-01-01,C00109,F001,Agra Urban,Agricultural,1461,8182,8084,Route E
2025-02-01,C00110,F002,Agra Rural,Industrial,2331,19114,17050,Route A
2025-03-01,C00111,F003,Mathura,Commercial,1151,8517,7802,Route B
2025-04-01,C00112,F004,Aligarh,Residential,751,4581,4306,Route C
2025-05-01,C00113,F005,Agra Urban,Agricultural,1741,9750,9399,Route D
2025-06-01,C00114,F006,Agra Rural,Industrial,1911,15670,15482,Route E
2025-07-01,C00115,F007,Mathura,Commercial,731,5409,4825,Route A
2025-08-01,C00116,F008,Aligarh,Residential,331,2019,1849,Route B
2025-09-01,C00117,F009,Agra Urban,Agricultural,1321,7398,6954,Route C
2025-10-01,C00118,F010,Agra Rural,Industrial,2191,17966,17319,Route D
2025-11-01,C00119,F011,Mathura,Commercial,1011,7481,7391,Route E
2025-12-01,C00120,F012,Aligarh,Residential,611,3727,3324,Route A
2025-01-01,C00121,F001,Agra Urban,Agricultural,1109,6210,5539,Route B
2025-02-01,C00122,F002,Agra Rural,Industrial,1979,16228,14865,Route C
2025-03-01,C00123,F003,Mathura,Commercial,799,5913,5558,Route D
2025-04-01,C00124,F004,Aligarh,Residential,399,2434,2346,Route E
2025-05-01,C00125,F005,Agra Urban,Agricultural,1389,7778,7685,Route A
2025-06-01,C00126,F006,Agra Rural,Industrial,2259,18524,16523,Route B
2025-07-01,C00127,F007,Mathura,Commercial,1079,7985,7314,Route C
2025-08-01,C00128,F008,Aligarh,Residential,679,4142,3893,Route D
2025-09-01,C00129,F009,Agra Urban,Agricultural,1669,9346,9010,Route E
2025-10-01,C00130,F010,Agra Rural,Industrial,2539,20820,20570,Route A
2025-11-01,C00131,F011,Mathura,Commercial,659,4877,4350,Route B
2025-12-01,C00132,F012,Aligarh,Residential,259,1580,1447,Route C
2025-01-01,C00133,F001,Agra Urban,Agricultural,1457,8159,7474,Route D
2025-02-01,C00134,F002,Agra Rural,Industrial,2327,19081,17936,Route E
2025-03-01,C00135,F003,Mathura,Commercial,1147,8488,8182,Route A
2025-04-01,C00136,F004,Aligarh,Residential,747,4557,4502,Route B
2025-05-01,C00137,F005,Agra Urban,Agricultural,1737,9727,8676,Route C
2025-06-01,C00138,F006,Agra Rural,Industrial,1907,15637,14323,Route D
2025-07-01,C00139,F007,Mathura,Commercial,727,5380,5057,Route E
2025-08-01,C00140,F008,Aligarh,Residential,327,1995,1923,Route A
2025-09-01,C00141,F009,Agra Urban,Agricultural,1317,7375,7287,Route B
2025-10-01,C00142,F010,Agra Rural,Industrial,2187,17933,15996,Route C
2025-11-01,C00143,F011,Mathura,Commercial,1007,7452,6826,Route D
2025-12-01,C00144,F012,Aligarh,Residential,607,3703,3481,Route E
2025-01-01,C00145,F001,Agra Urban,Agricultural,1105,6188,5817,Route A
2025-02-01,C00146,F002,Agra Rural,Industrial,1975,16195,15612,Route B
2025-03-01,C00147,F003,Mathura,Commercial,795,5883,5812,Route C
2025-04-01,C00148,F004,Aligarh,Residential,395,2410,2150,Route D
2025-05-01,C00149,F005,Agra Urban,Agricultural,1385,7756,7104,Route E
2025-06-01,C00150,F006,Agra Rural,Industrial,2255,18491,17382,Route A
2025-07-01,C00151,F007,Mathura,Commercial,1075,7955,7669,Route B
2025-08-01,C00152,F008,Aligarh,Residential,675,4118,4069,Route C
2025-09-01,C00153,F009,Agra Urban,Agricultural,1665,9324,8317,Route D
2025-10-01,C00154,F010,Agra Rural,Industrial,2535,20787,19041,Route E
2025-11-01,C00155,F011,Mathura,Commercial,655,4847,4556,Route A
2025-12-01,C00156,F012,Aligarh,Residential,255,1556,1500,Route B
2025-01-01,C00157,F001,Agra Urban,Agricultural,1453,8137,7844,Route C
2025-02-01,C00158,F002,Agra Rural,Industrial,2323,19049,18820,Route D
2025-03-01,C00159,F003,Mathura,Commercial,1143,8458,7545,Route E
2025-04-01,C00160,F004,Aligarh,Residential,743,4532,4151,Route A
2025-05-01,C00161,F005,Agra Urban,Agricultural,1733,9705,9123,Route B
2025-06-01,C00162,F006,Agra Rural,Industrial,1903,15605,15043,Route C
2025-07-01,C00163,F007,Mathura,Commercial,723,5350,5286,Route D
2025-08-01,C00164,F008,Aligarh,Residential,323,1970,1757,Route E
2025-09-01,C00165,F009,Agra Urban,Agricultural,1313,7353,6735,Route A
2025-10-01,C00166,F010,Agra Rural,Industrial,2183,17901,16827,Route B
2025-11-01,C00167,F011,Mathura,Commercial,1003,7422,7155,Route C
2025-12-01,C00168,F012,Aligarh,Residential,603,3678,3634,Route D
2025-01-01,C00169,F001,Agra Urban,Agricultural,1101,6166,6092,Route E
2025-02-01,C00170,F002,Agra Rural,Industrial,1971,16162,14417,Route A
2025-03-01,C00171,F003,Mathura,Commercial,791,5853,5361,Route B
2025-04-01,C00172,F004,Aligarh,Residential,391,2385,2242,Route C
2025-05-01,C00173,F005,Agra Urban,Agricultural,1381,7734,7456,Route D
2025-06-01,C00174,F006,Agra Rural,Industrial,2251,18458,18237,Route E
2025-07-01,C00175,F007,Mathura,Commercial,1071,7925,7069,Route A
2025-08-01,C00176,F008,Aligarh,Residential,671,4093,3749,Route B
2025-09-01,C00177,F009,Agra Urban,Agricultural,1661,9302,8744,Route C
2025-10-01,C00178,F010,Agra Rural,Industrial,2531,20754,20007,Route D
2025-11-01,C00179,F011,Mathura,Commercial,651,4817,4759,Route E
2025-12-01,C00180,F012,Aligarh,Residential,251,1531,1366,Route A
2025-01-01,C00181,F001,Agra Urban,Agricultural,1449,8114,7238,Route B
2025-02-01,C00182,F002,Agra Rural,Industrial,2319,19016,17419,Route C
2025-03-01,C00183,F003,Mathura,Commercial,1139,8429,7923,Route D
2025-04-01,C00184,F004,Aligarh,Residential,739,4508,4346,Route E
2025-05-01,C00185,F005,Agra Urban,Agricultural,1729,9682,9566,Route A
2025-06-01,C00186,F006,Agra Rural,Industrial,2599,21312,19010,Route B
2025-07-01,C00187,F007,Mathura,Commercial,719,5321,4874,Route C
2025-08-01,C00188,F008,Aligarh,Residential,319,1946,1829,Route D
2025-09-01,C00189,F009,Agra Urban,Agricultural,1309,7330,7066,Route E
2025-10-01,C00190,F010,Agra Rural,Industrial,2179,17868,17654,Route A
2025-11-01,C00191,F011,Mathura,Commercial,999,7393,6595,Route B
2025-12-01,C00192,F012,Aligarh,Residential,599,3654,3347,Route C
2025-01-01,C00193,F001,Agra Urban,Agricultural,1797,10063,9218,Route D
2025-02-01,C00194,F002,Agra Rural,Industrial,1967,16129,15161,Route E
2025-03-01,C00195,F003,Mathura,Commercial,787,5824,5614,Route A
2025-04-01,C00196,F004,Aligarh,Residential,387,2361,2333,Route B
2025-05-01,C00197,F005,Agra Urban,Agricultural,1377,7711,6878,Route C
2025-06-01,C00198,F006,Agra Rural,Industrial,2247,18425,16877,Route D
2025-07-01,C00199,F007,Mathura,Commercial,1067,7896,7422,Route E
2025-08-01,C00200,F008,Aligarh,Residential,667,4069,3923,Route A
2025-09-01,C00201,F009,Agra Urban,Agricultural,1657,9279,9168,Route B
2025-10-01,C00202,F010,Agra Rural,Industrial,2527,20721,18483,Route C
2025-11-01,C00203,F011,Mathura,Commercial,1347,9968,9131,Route D
2025-12-01,C00204,F012,Aligarh,Residential,247,1507,1417,Route E
2025-01-01,C00205,F001,Agra Urban,Agricultural,1445,8092,7606,Route A
2025-02-01,C00206,F002,Agra Rural,Industrial,2315,18983,18300,Route B
2025-03-01,C00207,F003,Mathura,Commercial,1135,8399,8298,Route C
2025-04-01,C00208,F004,Aligarh,Residential,735,4484,4000,Route D
2025-05-01,C00209,F005,Agra Urban,Agricultural,1725,9660,8849,Route E
2025-06-01,C00210,F006,Agra Rural,Industrial,2595,21279,20002,Route A
2025-07-01,C00211,F007,Mathura,Commercial,715,5291,5101,Route B
2025-08-01,C00212,F008,Aligarh,Residential,315,1922,1899,Route C
2025-09-01,C00213,F009,Agra Urban,Agricultural,1305,7308,6519,Route D
2025-10-01,C00214,F010,Agra Rural,Industrial,2175,17835,16337,Route E
2025-11-01,C00215,F011,Mathura,Commercial,995,7363,6921,Route A
2025-12-01,C00216,F012,Aligarh,Residential,595,3630,3499,Route B
2025-01-01,C00217,F001,Agra Urban,Agricultural,1793,10041,9680,Route C
2025-02-01,C00218,F002,Agra Rural,Industrial,1963,16097,15904,Route D
2025-03-01,C00219,F003,Mathura,Commercial,783,5794,5168,Route E
2025-04-01,C00220,F004,Aligarh,Residential,383,2336,2140,Route A
2025-05-01,C00221,F005,Agra Urban,Agricultural,1373,7689,7228,Route B
2025-06-01,C00222,F006,Agra Rural,Industrial,2243,18393,17731,Route C
2025-07-01,C00223,F007,Mathura,Commercial,1063,7866,7772,Route D
2025-08-01,C00224,F008,Aligarh,Residential,663,4044,3607,Route E
2025-09-01,C00225,F009,Agra Urban,Agricultural,1653,9257,8479,Route A
2025-10-01,C00226,F010,Agra Rural,Industrial,2523,20689,19448,Route B
2025-11-01,C00227,F011,Mathura,Commercial,1343,9938,9580,Route C
2025-12-01,C00228,F012,Aligarh,Residential,243,1482,1464,Route D
2025-01-01,C00229,F001,Agra Urban,Agricultural,1441,8070,7973,Route E
2025-02-01,C00230,F002,Agra Rural,Industrial,2311,18950,16903,Route A
2025-03-01,C00231,F003,Mathura,Commercial,1131,8369,7666,Route B
2025-04-01,C00232,F004,Aligarh,Residential,731,4459,4191,Route C
2025-05-01,C00233,F005,Agra Urban,Agricultural,1721,9638,9291,Route D
2025-06-01,C00234,F006,Agra Rural,Industrial,2591,21246,20991,Route E
2025-07-01,C00235,F007,Mathura,Commercial,711,5261,4693,Route A
2025-08-01,C00236,F008,Aligarh,Residential,311,1897,1738,Route B
2025-09-01,C00237,F009,Agra Urban,Agricultural,1301,7286,6849,Route C
2025-10-01,C00238,F010,Agra Rural,Industrial,2171,17802,17161,Route D
2025-11-01,C00239,F011,Mathura,Commercial,991,7333,7245,Route E
2025-12-01,C00240,F012,Aligarh,Residential,591,3605,3216,Route A
2025-01-01,C00241,F001,Agra Urban,Agricultural,1789,10018,8936,Route B
2025-02-01,C00242,F002,Agra Rural,Industrial,1959,16064,14715,Route C
2025-03-01,C00243,F003,Mathura,Commercial,779,5765,5419,Route D
2025-04-01,C00244,F004,Aligarh,Residential,379,2312,2229,Route E
2025-05-01,C00245,F005,Agra Urban,Agricultural,1369,7666,7574,Route A
2025-06-01,C00246,F006,Agra Rural,Industrial,2239,18360,16377,Route B
2025-07-01,C00247,F007,Mathura,Commercial,1059,7837,7179,Route C
2025-08-01,C00248,F008,Aligarh,Residential,659,4020,3779,Route D
2025-09-01,C00249,F009,Agra Urban,Agricultural,1649,9234,8902,Route E
2025-10-01,C00250,F010,Agra Rural,Industrial,2519,20656,20408,Route A
2025-11-01,C00251,F011,Mathura,Commercial,1339,9909,8839,Route B
2025-12-01,C00252,F012,Aligarh,Residential,239,1458,1336,Route C
2025-01-01,C00253,F001,Agra Urban,Agricultural,1437,8047,7371,Route D
2025-02-01,C00254,F002,Agra Rural,Industrial,2307,18917,17782,Route E
2025-03-01,C00255,F003,Mathura,Commercial,1127,8340,8040,Route A
2025-04-01,C00256,F004,Aligarh,Residential,727,4435,4382,Route B
2025-05-01,C00257,F005,Agra Urban,Agricultural,1717,9615,8577,Route C
2025-06-01,C00258,F006,Agra Rural,Industrial,2587,21213,19431,Route D
2025-07-01,C00259,F007,Mathura,Commercial,707,5232,4918,Route E
2025-08-01,C00260,F008,Aligarh,Residential,307,1873,1806,Route A
2025-09-01,C00261,F009,Agra Urban,Agricultural,1297,7263,7176,Route B
2025-10-01,C00262,F010,Agra Rural,Industrial,2167,17769,15850,Route C
2025-11-01,C00263,F011,Mathura,Commercial,987,7304,6690,Route D
2025-12-01,C00264,F012,Aligarh,Residential,587,3581,3366,Route E
2025-01-01,C00265,F001,Agra Urban,Agricultural,1785,9996,9396,Route A
2025-02-01,C00266,F002,Agra Rural,Industrial,1955,16031,15454,Route B
2025-03-01,C00267,F003,Mathura,Commercial,775,5735,5666,Route C
2025-04-01,C00268,F004,Aligarh,Residential,375,2288,2041,Route D
2025-05-01,C00269,F005,Agra Urban,Agricultural,1365,7644,7002,Route E
2025-06-01,C00270,F006,Agra Rural,Industrial,2235,18327,17227,Route A
2025-07-01,C00271,F007,Mathura,Commercial,1055,7807,7526,Route B
2025-08-01,C00272,F008,Aligarh,Residential,655,3995,3947,Route C
2025-09-01,C00273,F009,Agra Urban,Agricultural,1645,9212,8217,Route D
2025-10-01,C00274,F010,Agra Rural,Industrial,2515,20623,18891,Route E
2025-11-01,C00275,F011,Mathura,Commercial,1335,9879,9286,Route A
2025-12-01,C00276,F012,Aligarh,Residential,235,1434,1382,Route B
2025-01-01,C00277,F001,Agra Urban,Agricultural,1433,8025,7736,Route C
2025-02-01,C00278,F002,Agra Rural,Industrial,2303,18885,18658,Route D
2025-03-01,C00279,F003,Mathura,Commercial,1123,8310,7413,Route E
2025-04-01,C00280,F004,Aligarh,Residential,723,4410,4040,Route A
2025-05-01,C00281,F005,Agra Urban,Agricultural,1713,9593,9017,Route B
2025-06-01,C00282,F006,Agra Rural,Industrial,2583,21181,20418,Route C
2025-07-01,C00283,F007,Mathura,Commercial,703,5202,5140,Route D
2025-08-01,C00284,F008,Aligarh,Residential,303,1848,1648,Route E
2025-09-01,C00285,F009,Agra Urban,Agricultural,1293,7241,6633,Route A
2025-10-01,C00286,F010,Agra Rural,Industrial,2163,17737,16673,Route B
2025-11-01,C00287,F011,Mathura,Commercial,983,7274,7012,Route C
2025-12-01,C00288,F012,Aligarh,Residential,583,3556,3513,Route D
2025-01-01,C00289,F001,Agra Urban,Agricultural,1781,9974,9854,Route E
2025-02-01,C00290,F002,Agra Rural,Industrial,1951,15998,14270,Route A
2025-03-01,C00291,F003,Mathura,Commercial,771,5705,5226,Route B
2025-04-01,C00292,F004,Aligarh,Residential,371,2263,2127,Route C
2025-05-01,C00293,F005,Agra Urban,Agricultural,1361,7622,7348,Route D
2025-06-01,C00294,F006,Agra Rural,Industrial,2231,18294,18074,Route E
2025-07-01,C00295,F007,Mathura,Commercial,1051,7777,6937,Route A
2025-08-01,C00296,F008,Aligarh,Residential,651,3971,3637,Route B
2025-09-01,C00297,F009,Agra Urban,Agricultural,1641,9190,8639,Route C
2025-10-01,C00298,F010,Agra Rural,Industrial,2511,20590,19849,Route D
2025-11-01,C00299,F011,Mathura,Commercial,1331,9849,9731,Route E
2025-12-01,C00300,F012,Aligarh,Residential,231,1409,1257,Route A
2025-01-01,C00301,F001,Agra Urban,Agricultural,1429,8002,7138,Route B
2025-02-01,C00302,F002,Agra Rural,Industrial,2299,18852,17268,Route C
2025-03-01,C00303,F003,Mathura,Commercial,1119,8281,7784,Route D
2025-04-01,C00304,F004,Aligarh,Residential,719,4386,4228,Route E
2025-05-01,C00305,F005,Agra Urban,Agricultural,1709,9570,9455,Route A
2025-06-01,C00306,F006,Agra Rural,Industrial,2579,21148,18864,Route B
2025-07-01,C00307,F007,Mathura,Commercial,699,5173,4738,Route C
2025-08-01,C00308,F008,Aligarh,Residential,299,1824,1715,Route D
2025-09-01,C00309,F009,Agra Urban,Agricultural,1289,7218,6958,Route E
2025-10-01,C00310,F010,Agra Rural,Industrial,2159,17704,17492,Route A
2025-11-01,C00311,F011,Mathura,Commercial,979,7245,6463,Route B
2025-12-01,C00312,F012,Aligarh,Residential,579,3532,3235,Route C
2025-01-01,C00313,F001,Agra Urban,Agricultural,1777,9951,9115,Route D
2025-02-01,C00314,F002,Agra Rural,Industrial,1947,15965,15007,Route E
2025-03-01,C00315,F003,Mathura,Commercial,767,5676,5472,Route A
2025-04-01,C00316,F004,Aligarh,Residential,367,2239,2212,Route B
2025-05-01,C00317,F005,Agra Urban,Agricultural,1357,7599,6778,Route C
2025-06-01,C00318,F006,Agra Rural,Industrial,2227,18261,16727,Route D
2025-07-01,C00319,F007,Mathura,Commercial,1047,7748,7283,Route E
2025-08-01,C00320,F008,Aligarh,Residential,647,3947,3805,Route A
2025-09-01,C00321,F009,Agra Urban,Agricultural,1637,9167,9057,Route B
2025-10-01,C00322,F010,Agra Rural,Industrial,2507,20557,18337,Route C
2025-11-01,C00323,F011,Mathura,Commercial,1327,9820,8995,Route D
2025-12-01,C00324,F012,Aligarh,Residential,227,1385,1302,Route E
2025-01-01,C00325,F001,Agra Urban,Agricultural,1425,7980,7501,Route A
2025-02-01,C00326,F002,Agra Rural,Industrial,2295,18819,18142,Route B
2025-03-01,C00327,F003,Mathura,Commercial,1115,8251,8152,Route C
2025-04-01,C00328,F004,Aligarh,Residential,715,4362,3891,Route D
2025-05-01,C00329,F005,Agra Urban,Agricultural,1705,9548,8746,Route E
2025-06-01,C00330,F006,Agra Rural,Industrial,2575,21115,19848,Route A
2025-07-01,C00331,F007,Mathura,Commercial,695,5143,4958,Route B
2025-08-01,C00332,F008,Aligarh,Residential,295,1800,1778,Route C
2025-09-01,C00333,F009,Agra Urban,Agricultural,1285,7196,6419,Route D
2025-10-01,C00334,F010,Agra Rural,Industrial,2155,17671,16187,Route E
2025-11-01,C00335,F011,Mathura,Commercial,975,7215,6782,Route A
2025-12-01,C00336,F012,Aligarh,Residential,575,3508,3382,Route B
2025-01-01,C00337,F001,Agra Urban,Agricultural,1773,9929,9572,Route C
2025-02-01,C00338,F002,Agra Rural,Industrial,1943,15933,15742,Route D
2025-03-01,C00339,F003,Mathura,Commercial,763,5646,5036,Route E
2025-04-01,C00340,F004,Aligarh,Residential,363,2214,2028,Route A
2025-05-01,C00341,F005,Agra Urban,Agricultural,1353,7577,7122,Route B
2025-06-01,C00342,F006,Agra Rural,Industrial,2223,18229,17573,Route C
2025-07-01,C00343,F007,Mathura,Commercial,1043,7718,7625,Route D
2025-08-01,C00344,F008,Aligarh,Residential,643,3922,3498,Route E
2025-09-01,C00345,F009,Agra Urban,Agricultural,1633,9145,8377,Route A
2025-10-01,C00346,F010,Agra Rural,Industrial,2503,20525,19294,Route B
2025-11-01,C00347,F011,Mathura,Commercial,1323,9790,9438,Route C
2025-12-01,C00348,F012,Aligarh,Residential,223,1360,1344,Route D
2025-01-01,C00349,F001,Agra Urban,Agricultural,1421,7958,7863,Route E
2025-02-01,C00350,F002,Agra Rural,Industrial,2291,18786,16757,Route A
2025-03-01,C00351,F003,Mathura,Commercial,1111,8221,7530,Route B
2025-04-01,C00352,F004,Aligarh,Residential,711,4337,4077,Route C
2025-05-01,C00353,F005,Agra Urban,Agricultural,1701,9526,9183,Route D
2025-06-01,C00354,F006,Agra Rural,Industrial,2571,21082,20829,Route E
2025-07-01,C00355,F007,Mathura,Commercial,691,5113,4561,Route A
2025-08-01,C00356,F008,Aligarh,Residential,291,1775,1626,Route B
2025-09-01,C00357,F009,Agra Urban,Agricultural,1281,7174,6744,Route C
2025-10-01,C00358,F010,Agra Rural,Industrial,2151,17638,17003,Route D
2025-11-01,C00359,F011,Mathura,Commercial,971,7185,7099,Route E
2025-12-01,C00360,F012,Aligarh,Residential,571,3483,3107,Route A
2025-01-01,C00361,F001,Agra Urban,Agricultural,1769,9906,8836,Route B
2025-02-01,C00362,F002,Agra Rural,Industrial,1939,15900,14564,Route C
2025-03-01,C00363,F003,Mathura,Commercial,759,5617,5280,Route D
2025-04-01,C00364,F004,Aligarh,Residential,359,2190,2111,Route E
2025-05-01,C00365,F005,Agra Urban,Agricultural,1349,7554,7463,Route A
2025-06-01,C00366,F006,Agra Rural,Industrial,2219,18196,16231,Route B
2025-07-01,C00367,F007,Mathura,Commercial,1039,7689,7043,Route C
2025-08-01,C00368,F008,Aligarh,Residential,639,3898,3664,Route D
2025-09-01,C00369,F009,Agra Urban,Agricultural,1629,9122,8794,Route E
2025-10-01,C00370,F010,Agra Rural,Industrial,2499,20492,20246,Route A
2025-11-01,C00371,F011,Mathura,Commercial,1319,9761,8707,Route B
2025-12-01,C00372,F012,Aligarh,Residential,219,1336,1224,Route C
2025-01-01,C00373,F001,Agra Urban,Agricultural,1417,7935,7268,Route D
2025-02-01,C00374,F002,Agra Rural,Industrial,2287,18753,17628,Route E
2025-03-01,C00375,F003,Mathura,Commercial,1107,8192,7897,Route A
2025-04-01,C00376,F004,Aligarh,Residential,707,4313,4261,Route B
2025-05-01,C00377,F005,Agra Urban,Agricultural,1697,9503,8477,Route C
2025-06-01,C00378,F006,Agra Rural,Industrial,2567,21049,19281,Route D
2025-07-01,C00379,F007,Mathura,Commercial,687,5084,4779,Route E
2025-08-01,C00380,F008,Aligarh,Residential,287,1751,1688,Route A
2025-09-01,C00381,F009,Agra Urban,Agricultural,1277,7151,7065,Route B
2025-10-01,C00382,F010,Agra Rural,Industrial,2147,17605,15704,Route C
2025-11-01,C00383,F011,Mathura,Commercial,967,7156,6555,Route D
2025-12-01,C00384,F012,Aligarh,Residential,567,3459,3251,Route E
2025-01-01,C00385,F001,Agra Urban,Agricultural,1765,9884,9291,Route A
2025-02-01,C00386,F002,Agra Rural,Industrial,1935,15867,15296,Route B
2025-03-01,C00387,F003,Mathura,Commercial,755,5587,5520,Route C
2025-04-01,C00388,F004,Aligarh,Residential,355,2166,1932,Route D
2025-05-01,C00389,F005,Agra Urban,Agricultural,1345,7532,6899,Route E
2025-06-01,C00390,F006,Agra Rural,Industrial,2215,18163,17073,Route A
2025-07-01,C00391,F007,Mathura,Commercial,1035,7659,7383,Route B
2025-08-01,C00392,F008,Aligarh,Residential,635,3874,3828,Route C
2025-09-01,C00393,F009,Agra Urban,Agricultural,1625,9100,8117,Route D
2025-10-01,C00394,F010,Agra Rural,Industrial,2495,20459,18740,Route E
2025-11-01,C00395,F011,Mathura,Commercial,1315,9731,9147,Route A
2025-12-01,C00396,F012,Aligarh,Residential,215,1312,1265,Route B
2025-01-01,C00397,F001,Agra Urban,Agricultural,1413,7913,7628,Route C
2025-02-01,C00398,F002,Agra Rural,Industrial,2283,18721,18496,Route D
2025-03-01,C00399,F003,Mathura,Commercial,1103,8162,7281,Route E
2025-04-01,C00400,F004,Aligarh,Residential,703,4288,3928,Route A
2025-05-01,C00401,F005,Agra Urban,Agricultural,1693,9481,8912,Route B
2025-06-01,C00402,F006,Agra Rural,Industrial,2563,21017,20260,Route C
2025-07-01,C00403,F007,Mathura,Commercial,683,5054,4993,Route D
2025-08-01,C00404,F008,Aligarh,Residential,283,1726,1540,Route E
2025-09-01,C00405,F009,Agra Urban,Agricultural,1273,7129,6530,Route A
2025-10-01,C00406,F010,Agra Rural,Industrial,2143,17573,16519,Route B
2025-11-01,C00407,F011,Mathura,Commercial,963,7126,6869,Route C
2025-12-01,C00408,F012,Aligarh,Residential,563,3434,3393,Route D
2025-01-01,C00409,F001,Agra Urban,Agricultural,1761,9862,9744,Route E
2025-02-01,C00410,F002,Agra Rural,Industrial,1931,15834,14124,Route A
2025-03-01,C00411,F003,Mathura,Commercial,751,5557,5090,Route B
2025-04-01,C00412,F004,Aligarh,Residential,351,2141,2013,Route C
2025-05-01,C00413,F005,Agra Urban,Agricultural,1341,7510,7240,Route D
2025-06-01,C00414,F006,Agra Rural,Industrial,2211,18130,17912,Route E
2025-07-01,C00415,F007,Mathura,Commercial,1031,7629,6805,Route A
2025-08-01,C00416,F008,Aligarh,Residential,631,3849,3526,Route B
2025-09-01,C00417,F009,Agra Urban,Agricultural,1621,9078,8533,Route C
2025-10-01,C00418,F010,Agra Rural,Industrial,2491,20426,19691,Route D
2025-11-01,C00419,F011,Mathura,Commercial,1311,9701,9585,Route E
2025-12-01,C00420,F012,Aligarh,Residential,211,1287,1148,Route A
2025-01-01,C00421,F001,Agra Urban,Agricultural,1409,7890,7038,Route B
2025-02-01,C00422,F002,Agra Rural,Industrial,2279,18688,17118,Route C
2025-03-01,C00423,F003,Mathura,Commercial,1099,8133,7645,Route D
2025-04-01,C00424,F004,Aligarh,Residential,699,4264,4110,Route E
2025-05-01,C00425,F005,Agra Urban,Agricultural,1689,9458,9345,Route A
2025-06-01,C00426,F006,Agra Rural,Industrial,2559,20984,18718,Route B
2025-07-01,C00427,F007,Mathura,Commercial,679,5025,4603,Route C
2025-08-01,C00428,F008,Aligarh,Residential,279,1702,1600,Route D
2025-09-01,C00429,F009,Agra Urban,Agricultural,1269,7106,6850,Route E
2025-10-01,C00430,F010,Agra Rural,Industrial,2139,17540,17330,Route A
2025-11-01,C00431,F011,Mathura,Commercial,959,7097,6331,Route B
2025-12-01,C00432,F012,Aligarh,Residential,559,3410,3124,Route C
2025-01-01,C00433,F001,Agra Urban,Agricultural,1757,9839,9013,Route D
2025-02-01,C00434,F002,Agra Rural,Industrial,1927,15801,14853,Route E
2025-03-01,C00435,F003,Mathura,Commercial,747,5528,5329,Route A
2025-04-01,C00436,F004,Aligarh,Residential,347,2117,2092,Route B
2025-05-01,C00437,F005,Agra Urban,Agricultural,1337,7487,6678,Route C
2025-06-01,C00438,F006,Agra Rural,Industrial,2207,18097,16577,Route D
2025-07-01,C00439,F007,Mathura,Commercial,1027,7600,7144,Route E
2025-08-01,C00440,F008,Aligarh,Residential,627,3825,3687,Route A
2025-09-01,C00441,F009,Agra Urban,Agricultural,1617,9055,8946,Route B
2025-10-01,C00442,F010,Agra Rural,Industrial,2487,20393,18191,Route C
2025-11-01,C00443,F011,Mathura,Commercial,1307,9672,8860,Route D
2025-12-01,C00444,F012,Aligarh,Residential,207,1263,1187,Route E
2025-01-01,C00445,F001,Agra Urban,Agricultural,1405,7868,7396,Route A
2025-02-01,C00446,F002,Agra Rural,Industrial,2275,18655,17983,Route B
2025-03-01,C00447,F003,Mathura,Commercial,1095,8103,8006,Route C
2025-04-01,C00448,F004,Aligarh,Residential,695,4240,3782,Route D
2025-05-01,C00449,F005,Agra Urban,Agricultural,1685,9436,8643,Route E
2025-06-01,C00450,F006,Agra Rural,Industrial,2555,20951,19694,Route A
2025-07-01,C00451,F007,Mathura,Commercial,675,4995,4815,Route B
2025-08-01,C00452,F008,Aligarh,Residential,275,1678,1658,Route C
2025-09-01,C00453,F009,Agra Urban,Agricultural,1265,7084,6319,Route D
2025-10-01,C00454,F010,Agra Rural,Industrial,2135,17507,16036,Route E
2025-11-01,C00455,F011,Mathura,Commercial,955,7067,6643,Route A
2025-12-01,C00456,F012,Aligarh,Residential,555,3386,3264,Route B
2025-01-01,C00457,F001,Agra Urban,Agricultural,1753,9817,9464,Route C
2025-02-01,C00458,F002,Agra Rural,Industrial,1923,15769,15580,Route D
2025-03-01,C00459,F003,Mathura,Commercial,743,5498,4904,Route E
2025-04-01,C00460,F004,Aligarh,Residential,343,2092,1916,Route A
2025-05-01,C00461,F005,Agra Urban,Agricultural,1333,7465,7017,Route B
2025-06-01,C00462,F006,Agra Rural,Industrial,2203,18065,17415,Route C
2025-07-01,C00463,F007,Mathura,Commercial,1023,7570,7479,Route D
2025-08-01,C00464,F008,Aligarh,Residential,623,3800,3390,Route E
2025-09-01,C00465,F009,Agra Urban,Agricultural,1613,9033,8274,Route A
2025-10-01,C00466,F010,Agra Rural,Industrial,2483,20361,19139,Route B
2025-11-01,C00467,F011,Mathura,Commercial,1303,9642,9295,Route C
2025-12-01,C00468,F012,Aligarh,Residential,203,1238,1223,Route D
2025-01-01,C00469,F001,Agra Urban,Agricultural,1401,7846,7752,Route E
2025-02-01,C00470,F002,Agra Rural,Industrial,2271,18622,16611,Route A
2025-03-01,C00471,F003,Mathura,Commercial,1091,8073,7395,Route B
2025-04-01,C00472,F004,Aligarh,Residential,691,4215,3962,Route C
2025-05-01,C00473,F005,Agra Urban,Agricultural,1681,9414,9075,Route D
2025-06-01,C00474,F006,Agra Rural,Industrial,2551,20918,20667,Route E
2025-07-01,C00475,F007,Mathura,Commercial,671,4965,4429,Route A
2025-08-01,C00476,F008,Aligarh,Residential,271,1653,1514,Route B
2025-09-01,C00477,F009,Agra Urban,Agricultural,1261,7062,6638,Route C
2025-10-01,C00478,F010,Agra Rural,Industrial,2131,17474,16845,Route D
2025-11-01,C00479,F011,Mathura,Commercial,951,7037,6953,Route E
2025-12-01,C00480,F012,Aligarh,Residential,551,3361,2998,Route A
2025-01-01,C00481,F001,Agra Urban,Agricultural,1749,9794,8736,Route B
2025-02-01,C00482,F002,Agra Rural,Industrial,1919,15736,14414,Route C
2025-03-01,C00483,F003,Mathura,Commercial,739,5469,5141,Route D
2025-04-01,C00484,F004,Aligarh,Residential,339,2068,1994,Route E
2025-05-01,C00485,F005,Agra Urban,Agricultural,1329,7442,7353,Route A
2025-06-01,C00486,F006,Agra Rural,Industrial,2199,18032,16085,Route B
2025-07-01,C00487,F007,Mathura,Commercial,1019,7541,6908,Route C
2025-08-01,C00488,F008,Aligarh,Residential,619,3776,3549,Route D
2025-09-01,C00489,F009,Agra Urban,Agricultural,1609,9010,8686,Route E
2025-10-01,C00490,F010,Agra Rural,Industrial,2479,20328,20084,Route A
2025-11-01,C00491,F011,Mathura,Commercial,1299,9613,8575,Route B
2025-12-01,C00492,F012,Aligarh,Residential,199,1214,1112,Route C
2025-01-01,C00493,F001,Agra Urban,Agricultural,1397,7823,7166,Route D
2025-02-01,C00494,F002,Agra Rural,Industrial,2267,18589,17474,Route E
2025-03-01,C00495,F003,Mathura,Commercial,1087,8044,7754,Route A
2025-04-01,C00496,F004,Aligarh,Residential,687,4191,4141,Route B
2025-05-01,C00497,F005,Agra Urban,Agricultural,1677,9391,8377,Route C
2025-06-01,C00498,F006,Agra Rural,Industrial,2547,20885,19131,Route D
2025-07-01,C00499,F007,Mathura,Commercial,667,4936,4640,Route E
2025-08-01,C00500,F008,Aligarh,Residential,267,1629,1570,Route A
2025-09-01,C00501,F009,Agra Urban,Agricultural,1257,7039,6955,Route B
2025-10-01,C00502,F010,Agra Rural,Industrial,2127,17441,15557,Route C
2025-11-01,C00503,F011,Mathura,Commercial,947,7008,6419,Route D
2025-12-01,C00504,F012,Aligarh,Residential,547,3337,3137,Route E
2025-01-01,C00505,F001,Agra Urban,Agricultural,1745,9772,9186,Route A
2025-02-01,C00506,F002,Agra Rural,Industrial,1915,15703,15138,Route B
2025-03-01,C00507,F003,Mathura,Commercial,735,5439,5374,Route C
2025-04-01,C00508,F004,Aligarh,Residential,335,2043,1822,Route D
2025-05-01,C00509,F005,Agra Urban,Agricultural,1325,7420,6797,Route E
2025-06-01,C00510,F006,Agra Rural,Industrial,2195,17999,16919,Route A
2025-07-01,C00511,F007,Mathura,Commercial,1015,7511,7241,Route B
2025-08-01,C00512,F008,Aligarh,Residential,615,3752,3707,Route C
2025-09-01,C00513,F009,Agra Urban,Agricultural,1605,8988,8017,Route D
2025-10-01,C00514,F010,Agra Rural,Industrial,2475,20295,18590,Route E
2025-11-01,C00515,F011,Mathura,Commercial,1295,9583,9008,Route A
2025-12-01,C00516,F012,Aligarh,Residential,195,1190,1147,Route B
2025-01-01,C00517,F001,Agra Urban,Agricultural,1393,7801,7520,Route C
2025-02-01,C00518,F002,Agra Rural,Industrial,2263,18557,18334,Route D
2025-03-01,C00519,F003,Mathura,Commercial,1083,8014,7148,Route E
2025-04-01,C00520,F004,Aligarh,Residential,683,4166,3816,Route A
2025-05-01,C00521,F005,Agra Urban,Agricultural,1673,9369,8807,Route B
2025-06-01,C00522,F006,Agra Rural,Industrial,2543,20853,20102,Route C
2025-07-01,C00523,F007,Mathura,Commercial,663,4906,4847,Route D
2025-08-01,C00524,F008,Aligarh,Residential,263,1604,1431,Route E
2025-09-01,C00525,F009,Agra Urban,Agricultural,1253,7017,6428,Route A
2025-10-01,C00526,F010,Agra Rural,Industrial,2123,17409,16364,Route B
2025-11-01,C00527,F011,Mathura,Commercial,943,6978,6727,Route C
2025-12-01,C00528,F012,Aligarh,Residential,543,3312,3272,Route D
2025-01-01,C00529,F001,Agra Urban,Agricultural,1741,9750,9633,Route E
2025-02-01,C00530,F002,Agra Rural,Industrial,1911,15670,13978,Route A
2025-03-01,C00531,F003,Mathura,Commercial,731,5409,4955,Route B
2025-04-01,C00532,F004,Aligarh,Residential,331,2019,1898,Route C
2025-05-01,C00533,F005,Agra Urban,Agricultural,1321,7398,7132,Route D
2025-06-01,C00534,F006,Agra Rural,Industrial,2191,17966,17750,Route E
2025-07-01,C00535,F007,Mathura,Commercial,1011,7481,6673,Route A
2025-08-01,C00536,F008,Aligarh,Residential,611,3727,3414,Route B
2025-09-01,C00537,F009,Agra Urban,Agricultural,1601,8966,8428,Route C
2025-10-01,C00538,F010,Agra Rural,Industrial,2471,20262,19533,Route D
2025-11-01,C00539,F011,Mathura,Commercial,1291,9553,9438,Route E
2025-12-01,C00540,F012,Aligarh,Residential,191,1165,1039,Route A
2025-01-01,C00541,F001,Agra Urban,Agricultural,1389,7778,6938,Route B
2025-02-01,C00542,F002,Agra Rural,Industrial,2259,18524,16968,Route C
2025-03-01,C00543,F003,Mathura,Commercial,1079,7985,7506,Route D
2025-04-01,C00544,F004,Aligarh,Residential,679,4142,3993,Route E
2025-05-01,C00545,F005,Agra Urban,Agricultural,1669,9346,9234,Route A
2025-06-01,C00546,F006,Agra Rural,Industrial,2539,20820,18571,Route B
2025-07-01,C00547,F007,Mathura,Commercial,659,4877,4467,Route C
2025-08-01,C00548,F008,Aligarh,Residential,259,1580,1485,Route D
2025-09-01,C00549,F009,Agra Urban,Agricultural,1249,6994,6742,Route E
2025-10-01,C00550,F010,Agra Rural,Industrial,2119,17376,17167,Route A
2025-11-01,C00551,F011,Mathura,Commercial,939,6949,6199,Route B
2025-12-01,C00552,F012,Aligarh,Residential,539,3288,3012,Route C
2025-01-01,C00553,F001,Agra Urban,Agricultural,1737,9727,8910,Route D
2025-02-01,C00554,F002,Agra Rural,Industrial,1907,15637,14699,Route E
2025-03-01,C00555,F003,Mathura,Commercial,727,5380,5186,Route A
2025-04-01,C00556,F004,Aligarh,Residential,327,1995,1971,Route B
2025-05-01,C00557,F005,Agra Urban,Agricultural,1317,7375,6579,Route C
2025-06-01,C00558,F006,Agra Rural,Industrial,2187,17933,16427,Route D
2025-07-01,C00559,F007,Mathura,Commercial,1007,7452,7005,Route E
2025-08-01,C00560,F008,Aligarh,Residential,607,3703,3570,Route A
2025-09-01,C00561,F009,Agra Urban,Agricultural,1597,8943,8836,Route B
2025-10-01,C00562,F010,Agra Rural,Industrial,2467,20229,18044,Route C
2025-11-01,C00563,F011,Mathura,Commercial,1287,9524,8724,Route D
2025-12-01,C00564,F012,Aligarh,Residential,187,1141,1073,Route E
2025-01-01,C00565,F001,Agra Urban,Agricultural,1385,7756,7291,Route A
2025-02-01,C00566,F002,Agra Rural,Industrial,2255,18491,17825,Route B
2025-03-01,C00567,F003,Mathura,Commercial,1075,7955,7860,Route C
2025-04-01,C00568,F004,Aligarh,Residential,675,4118,3673,Route D
2025-05-01,C00569,F005,Agra Urban,Agricultural,1665,9324,8541,Route E
2025-06-01,C00570,F006,Agra Rural,Industrial,2535,20787,19540,Route A
2025-07-01,C00571,F007,Mathura,Commercial,655,4847,4673,Route B
2025-08-01,C00572,F008,Aligarh,Residential,255,1556,1537,Route C
2025-09-01,C00573,F009,Agra Urban,Agricultural,1245,6972,6219,Route D
2025-10-01,C00574,F010,Agra Rural,Industrial,2115,17343,15886,Route E
2025-11-01,C00575,F011,Mathura,Commercial,935,6919,6504,Route A
2025-12-01,C00576,F012,Aligarh,Residential,535,3264,3146,Route B
2025-01-01,C00577,F001,Agra Urban,Agricultural,1733,9705,9356,Route C
2025-02-01,C00578,F002,Agra Rural,Industrial,1903,15605,15418,Route D
2025-03-01,C00579,F003,Mathura,Commercial,723,5350,4772,Route E
2025-04-01,C00580,F004,Aligarh,Residential,323,1970,1805,Route A
2025-05-01,C00581,F005,Agra Urban,Agricultural,1313,7353,6912,Route B
2025-06-01,C00582,F006,Agra Rural,Industrial,2183,17901,17257,Route C
2025-07-01,C00583,F007,Mathura,Commercial,1003,7422,7333,Route D
2025-08-01,C00584,F008,Aligarh,Residential,603,3678,3281,Route E
2025-09-01,C00585,F009,Agra Urban,Agricultural,1593,8921,8172,Route A
2025-10-01,C00586,F010,Agra Rural,Industrial,2463,20197,18985,Route B
2025-11-01,C00587,F011,Mathura,Commercial,1283,9494,9152,Route C
2025-12-01,C00588,F012,Aligarh,Residential,183,1116,1103,Route D
2025-01-01,C00589,F001,Agra Urban,Agricultural,1381,7734,7641,Route E
2025-02-01,C00590,F002,Agra Rural,Industrial,2251,18458,16465,Route A
2025-03-01,C00591,F003,Mathura,Commercial,1071,7925,7259,Route B
2025-04-01,C00592,F004,Aligarh,Residential,671,4093,3847,Route C
2025-05-01,C00593,F005,Agra Urban,Agricultural,1661,9302,8967,Route D
2025-06-01,C00594,F006,Agra Rural,Industrial,2531,20754,20505,Route E
2025-07-01,C00595,F007,Mathura,Commercial,651,4817,4297,Route A
2025-08-01,C00596,F008,Aligarh,Residential,251,1531,1402,Route B
2025-09-01,C00597,F009,Agra Urban,Agricultural,1241,6950,6533,Route C
2025-10-01,C00598,F010,Agra Rural,Industrial,2111,17310,16687,Route D
2025-11-01,C00599,F011,Mathura,Commercial,931,6889,6806,Route E
2025-12-01,C00600,F012,Aligarh,Residential,531,3239,2889,Route A
2025-01-01,C00601,F001,Agra Urban,Agricultural,1729,9682,8636,Route B
2025-02-01,C00602,F002,Agra Rural,Industrial,2599,21312,19522,Route C
2025-03-01,C00603,F003,Mathura,Commercial,719,5321,5002,Route D
2025-04-01,C00604,F004,Aligarh,Residential,319,1946,1876,Route E
2025-05-01,C00605,F005,Agra Urban,Agricultural,1309,7330,7242,Route A
2025-06-01,C00606,F006,Agra Rural,Industrial,2179,17868,15938,Route B
2025-07-01,C00607,F007,Mathura,Commercial,999,7393,6772,Route C
2025-08-01,C00608,F008,Aligarh,Residential,599,3654,3435,Route D
2025-09-01,C00609,F009,Agra Urban,Agricultural,1589,8898,8578,Route E
2025-10-01,C00610,F010,Agra Rural,Industrial,2459,20164,19922,Route A
2025-11-01,C00611,F011,Mathura,Commercial,1279,9465,8443,Route B
2025-12-01,C00612,F012,Aligarh,Residential,879,5362,4912,Route C
2025-01-01,C00613,F001,Agra Urban,Agricultural,1377,7711,7063,Route D
2025-02-01,C00614,F002,Agra Rural,Industrial,2247,18425,17320,Route E
2025-03-01,C00615,F003,Mathura,Commercial,1067,7896,7612,Route A
2025-04-01,C00616,F004,Aligarh,Residential,667,4069,4020,Route B
2025-05-01,C00617,F005,Agra Urban,Agricultural,1657,9279,8277,Route C
2025-06-01,C00618,F006,Agra Rural,Industrial,2527,20721,18980,Route D
2025-07-01,C00619,F007,Mathura,Commercial,1347,9968,9370,Route E
2025-08-01,C00620,F008,Aligarh,Residential,247,1507,1453,Route A
2025-09-01,C00621,F009,Agra Urban,Agricultural,1237,6927,6844,Route B
2025-10-01,C00622,F010,Agra Rural,Industrial,2107,17277,15411,Route C
2025-11-01,C00623,F011,Mathura,Commercial,927,6860,6284,Route D
2025-12-01,C00624,F012,Aligarh,Residential,527,3215,3022,Route E
2025-01-01,C00625,F001,Agra Urban,Agricultural,1725,9660,9080,Route A
2025-02-01,C00626,F002,Agra Rural,Industrial,2595,21279,20513,Route B
2025-03-01,C00627,F003,Mathura,Commercial,715,5291,5228,Route C
2025-04-01,C00628,F004,Aligarh,Residential,315,1922,1714,Route D
2025-05-01,C00629,F005,Agra Urban,Agricultural,1305,7308,6694,Route E
2025-06-01,C00630,F006,Agra Rural,Industrial,2175,17835,16765,Route A
2025-07-01,C00631,F007,Mathura,Commercial,995,7363,7098,Route B
2025-08-01,C00632,F008,Aligarh,Residential,595,3630,3586,Route C
2025-09-01,C00633,F009,Agra Urban,Agricultural,1585,8876,7917,Route D
2025-10-01,C00634,F010,Agra Rural,Industrial,2455,20131,18440,Route E
2025-11-01,C00635,F011,Mathura,Commercial,1275,9435,8869,Route A
2025-12-01,C00636,F012,Aligarh,Residential,875,5338,5146,Route B
2025-01-01,C00637,F001,Agra Urban,Agricultural,1373,7689,7412,Route C
2025-02-01,C00638,F002,Agra Rural,Industrial,2243,18393,18172,Route D
2025-03-01,C00639,F003,Mathura,Commercial,1063,7866,7016,Route E
2025-04-01,C00640,F004,Aligarh,Residential,663,4044,3704,Route A
2025-05-01,C00641,F005,Agra Urban,Agricultural,1653,9257,8702,Route B
2025-06-01,C00642,F006,Agra Rural,Industrial,2523,20689,19944,Route C
2025-07-01,C00643,F007,Mathura,Commercial,1343,9938,9819,Route D
2025-08-01,C00644,F008,Aligarh,Residential,243,1482,1322,Route E
2025-09-01,C00645,F009,Agra Urban,Agricultural,1233,6905,6325,Route A
2025-10-01,C00646,F010,Agra Rural,Industrial,2103,17245,16210,Route B
2025-11-01,C00647,F011,Mathura,Commercial,923,6830,6584,Route C
2025-12-01,C00648,F012,Aligarh,Residential,523,3190,3152,Route D
2025-01-01,C00649,F001,Agra Urban,Agricultural,1721,9638,9522,Route E
2025-02-01,C00650,F002,Agra Rural,Industrial,2591,21246,18951,Route A
2025-03-01,C00651,F003,Mathura,Commercial,711,5261,4819,Route B
2025-04-01,C00652,F004,Aligarh,Residential,311,1897,1783,Route C
2025-05-01,C00653,F005,Agra Urban,Agricultural,1301,7286,7024,Route D
2025-06-01,C00654,F006,Agra Rural,Industrial,2171,17802,17588,Route E
2025-07-01,C00655,F007,Mathura,Commercial,991,7333,6541,Route A
2025-08-01,C00656,F008,Aligarh,Residential,591,3605,3302,Route B
2025-09-01,C00657,F009,Agra Urban,Agricultural,1581,8854,8323,Route C
2025-10-01,C00658,F010,Agra Rural,Industrial,2451,20098,19374,Route D
2025-11-01,C00659,F011,Mathura,Commercial,1271,9405,9292,Route E
2025-12-01,C00660,F012,Aligarh,Residential,871,5313,4739,Route A
2025-01-01,C00661,F001,Agra Urban,Agricultural,1369,7666,6838,Route B
2025-02-01,C00662,F002,Agra Rural,Industrial,2239,18360,16818,Route C
2025-03-01,C00663,F003,Mathura,Commercial,1059,7837,7367,Route D
2025-04-01,C00664,F004,Aligarh,Residential,659,4020,3875,Route E
2025-05-01,C00665,F005,Agra Urban,Agricultural,1649,9234,9123,Route A
2025-06-01,C00666,F006,Agra Rural,Industrial,2519,20656,18425,Route B
2025-07-01,C00667,F007,Mathura,Commercial,1339,9909,9077,Route C
2025-08-01,C00668,F008,Aligarh,Residential,239,1458,1371,Route D
2025-09-01,C00669,F009,Agra Urban,Agricultural,1229,6882,6634,Route E
2025-10-01,C00670,F010,Agra Rural,Industrial,2099,17212,17005,Route A
2025-11-01,C00671,F011,Mathura,Commercial,919,6801,6066,Route B
2025-12-01,C00672,F012,Aligarh,Residential,519,3166,2900,Route C
2025-01-01,C00673,F001,Agra Urban,Agricultural,1717,9615,8807,Route D
2025-02-01,C00674,F002,Agra Rural,Industrial,2587,21213,19940,Route E
2025-03-01,C00675,F003,Mathura,Commercial,707,5232,5044,Route A
2025-04-01,C00676,F004,Aligarh,Residential,307,1873,1851,Route B
2025-05-01,C00677,F005,Agra Urban,Agricultural,1297,7263,6479,Route C
2025-06-01,C00678,F006,Agra Rural,Industrial,2167,17769,16276,Route D
2025-07-01,C00679,F007,Mathura,Commercial,987,7304,6866,Route E
2025-08-01,C00680,F008,Aligarh,Residential,587,3581,3452,Route A
2025-09-01,C00681,F009,Agra Urban,Agricultural,1577,8831,8725,Route B
2025-10-01,C00682,F010,Agra Rural,Industrial,2447,20065,17898,Route C
2025-11-01,C00683,F011,Mathura,Commercial,1267,9376,8588,Route D
2025-12-01,C00684,F012,Aligarh,Residential,867,5289,4972,Route E
2025-01-01,C00685,F001,Agra Urban,Agricultural,1365,7644,7185,Route A
2025-02-01,C00686,F002,Agra Rural,Industrial,2235,18327,17667,Route B
2025-03-01,C00687,F003,Mathura,Commercial,1055,7807,7713,Route C
2025-04-01,C00688,F004,Aligarh,Residential,655,3995,3564,Route D
2025-05-01,C00689,F005,Agra Urban,Agricultural,1645,9212,8438,Route E
2025-06-01,C00690,F006,Agra Rural,Industrial,2515,20623,19386,Route A
2025-07-01,C00691,F007,Mathura,Commercial,1335,9879,9523,Route B
2025-08-01,C00692,F008,Aligarh,Residential,235,1434,1417,Route C
2025-09-01,C00693,F009,Agra Urban,Agricultural,1225,6860,6119,Route D
2025-10-01,C00694,F010,Agra Rural,Industrial,2095,17179,15736,Route E
2025-11-01,C00695,F011,Mathura,Commercial,915,6771,6365,Route A
2025-12-01,C00696,F012,Aligarh,Residential,515,3142,3029,Route B
2025-01-01,C00697,F001,Agra Urban,Agricultural,1713,9593,9248,Route C
2025-02-01,C00698,F002,Agra Rural,Industrial,2583,21181,20927,Route D
2025-03-01,C00699,F003,Mathura,Commercial,703,5202,4640,Route E
2025-04-01,C00700,F004,Aligarh,Residential,303,1848,1693,Route A
2025-05-01,C00701,F005,Agra Urban,Agricultural,1293,7241,6807,Route B
2025-06-01,C00702,F006,Agra Rural,Industrial,2163,17737,17098,Route C
2025-07-01,C00703,F007,Mathura,Commercial,983,7274,7187,Route D
2025-08-01,C00704,F008,Aligarh,Residential,583,3556,3172,Route E
2025-09-01,C00705,F009,Agra Urban,Agricultural,1573,8809,8069,Route A
2025-10-01,C00706,F010,Agra Rural,Industrial,2443,20033,18831,Route B
2025-11-01,C00707,F011,Mathura,Commercial,1263,9346,9010,Route C
2025-12-01,C00708,F012,Aligarh,Residential,863,5264,5201,Route D
2025-01-01,C00709,F001,Agra Urban,Agricultural,1361,7622,7531,Route E
2025-02-01,C00710,F002,Agra Rural,Industrial,2231,18294,16318,Route A
2025-03-01,C00711,F003,Mathura,Commercial,1051,7777,7124,Route B
2025-04-01,C00712,F004,Aligarh,Residential,651,3971,3733,Route C
2025-05-01,C00713,F005,Agra Urban,Agricultural,1641,9190,8859,Route D
2025-06-01,C00714,F006,Agra Rural,Industrial,2511,20590,20343,Route E
2025-07-01,C00715,F007,Mathura,Commercial,1331,9849,8785,Route A
2025-08-01,C00716,F008,Aligarh,Residential,231,1409,1291,Route B
2025-09-01,C00717,F009,Agra Urban,Agricultural,1221,6838,6428,Route C
2025-10-01,C00718,F010,Agra Rural,Industrial,2091,17146,16529,Route D
2025-11-01,C00719,F011,Mathura,Commercial,911,6741,6660,Route E
2025-12-01,C00720,F012,Aligarh,Residential,511,3117,2780,Route A
2025-01-01,C00721,F001,Agra Urban,Agricultural,1709,9570,8536,Route B
2025-02-01,C00722,F002,Agra Rural,Industrial,2579,21148,19372,Route C
2025-03-01,C00723,F003,Mathura,Commercial,699,5173,4863,Route D
2025-04-01,C00724,F004,Aligarh,Residential,299,1824,1758,Route E
2025-05-01,C00725,F005,Agra Urban,Agricultural,1289,7218,7131,Route A
2025-06-01,C00726,F006,Agra Rural,Industrial,2159,17704,15792,Route B
2025-07-01,C00727,F007,Mathura,Commercial,979,7245,6636,Route C
2025-08-01,C00728,F008,Aligarh,Residential,579,3532,3320,Route D
2025-09-01,C00729,F009,Agra Urban,Agricultural,1569,8786,8470,Route E
2025-10-01,C00730,F010,Agra Rural,Industrial,2439,20000,19760,Route A
2025-11-01,C00731,F011,Mathura,Commercial,1259,9317,8311,Route B
2025-12-01,C00732,F012,Aligarh,Residential,859,5240,4800,Route C
2025-01-01,C00733,F001,Agra Urban,Agricultural,1357,7599,6961,Route D
2025-02-01,C00734,F002,Agra Rural,Industrial,2227,18261,17165,Route E
2025-03-01,C00735,F003,Mathura,Commercial,1047,7748,7469,Route A
2025-04-01,C00736,F004,Aligarh,Residential,647,3947,3900,Route B
2025-05-01,C00737,F005,Agra Urban,Agricultural,1637,9167,8177,Route C
2025-06-01,C00738,F006,Agra Rural,Industrial,2507,20557,18830,Route D
2025-07-01,C00739,F007,Mathura,Commercial,1327,9820,9231,Route E
2025-08-01,C00740,F008,Aligarh,Residential,227,1385,1335,Route A
2025-09-01,C00741,F009,Agra Urban,Agricultural,1217,6815,6733,Route B
2025-10-01,C00742,F010,Agra Rural,Industrial,2087,17113,15265,Route C
2025-11-01,C00743,F011,Mathura,Commercial,907,6712,6148,Route D
2025-12-01,C00744,F012,Aligarh,Residential,507,3093,2907,Route E
2025-01-01,C00745,F001,Agra Urban,Agricultural,1705,9548,8975,Route A
2025-02-01,C00746,F002,Agra Rural,Industrial,2575,21115,20355,Route B
2025-03-01,C00747,F003,Mathura,Commercial,695,5143,5081,Route C
2025-04-01,C00748,F004,Aligarh,Residential,295,1800,1606,Route D
2025-05-01,C00749,F005,Agra Urban,Agricultural,1285,7196,6592,Route E
2025-06-01,C00750,F006,Agra Rural,Industrial,2155,17671,16611,Route A
2025-07-01,C00751,F007,Mathura,Commercial,975,7215,6955,Route B
2025-08-01,C00752,F008,Aligarh,Residential,575,3508,3466,Route C
2025-09-01,C00753,F009,Agra Urban,Agricultural,1565,8764,7817,Route D
2025-10-01,C00754,F010,Agra Rural,Industrial,2435,19967,18290,Route E
2025-11-01,C00755,F011,Mathura,Commercial,1255,9287,8730,Route A
2025-12-01,C00756,F012,Aligarh,Residential,855,5216,5028,Route B
2025-01-01,C00757,F001,Agra Urban,Agricultural,1353,7577,7304,Route C
2025-02-01,C00758,F002,Agra Rural,Industrial,2223,18229,18010,Route D
2025-03-01,C00759,F003,Mathura,Commercial,1043,7718,6884,Route E
2025-04-01,C00760,F004,Aligarh,Residential,643,3922,3593,Route A
2025-05-01,C00761,F005,Agra Urban,Agricultural,1633,9145,8596,Route B
2025-06-01,C00762,F006,Agra Rural,Industrial,2503,20525,19786,Route C
2025-07-01,C00763,F007,Mathura,Commercial,1323,9790,9673,Route D
2025-08-01,C00764,F008,Aligarh,Residential,223,1360,1213,Route E
2025-09-01,C00765,F009,Agra Urban,Agricultural,1213,6793,6222,Route A
2025-10-01,C00766,F010,Agra Rural,Industrial,2083,17081,16056,Route B
2025-11-01,C00767,F011,Mathura,Commercial,903,6682,6441,Route C
2025-12-01,C00768,F012,Aligarh,Residential,503,3068,3031,Route D
2025-01-01,C00769,F001,Agra Urban,Agricultural,1701,9526,9412,Route E
2025-02-01,C00770,F002,Agra Rural,Industrial,2571,21082,18805,Route A
2025-03-01,C00771,F003,Mathura,Commercial,691,5113,4684,Route B
2025-04-01,C00772,F004,Aligarh,Residential,291,1775,1669,Route C
2025-05-01,C00773,F005,Agra Urban,Agricultural,1281,7174,6916,Route D
2025-06-01,C00774,F006,Agra Rural,Industrial,2151,17638,17426,Route E
2025-07-01,C00775,F007,Mathura,Commercial,971,7185,6409,Route A
2025-08-01,C00776,F008,Aligarh,Residential,571,3483,3190,Route B
2025-09-01,C00777,F009,Agra Urban,Agricultural,1561,8742,8217,Route C
2025-10-01,C00778,F010,Agra Rural,Industrial,2431,19934,19216,Route D
2025-11-01,C00779,F011,Mathura,Commercial,1251,9257,9146,Route E
2025-12-01,C00780,F012,Aligarh,Residential,851,5191,4630,Route A
2025-01-01,C00781,F001,Agra Urban,Agricultural,1349,7554,6738,Route B
2025-02-01,C00782,F002,Agra Rural,Industrial,2219,18196,16668,Route C
2025-03-01,C00783,F003,Mathura,Commercial,1039,7689,7228,Route D
2025-04-01,C00784,F004,Aligarh,Residential,639,3898,3758,Route E
2025-05-01,C00785,F005,Agra Urban,Agricultural,1629,9122,9013,Route A
2025-06-01,C00786,F006,Agra Rural,Industrial,2499,20492,18279,Route B
2025-07-01,C00787,F007,Mathura,Commercial,1319,9761,8941,Route C
2025-08-01,C00788,F008,Aligarh,Residential,219,1336,1256,Route D
2025-09-01,C00789,F009,Agra Urban,Agricultural,1209,6770,6526,Route E
2025-10-01,C00790,F010,Agra Rural,Industrial,2079,17048,16843,Route A
2025-11-01,C00791,F011,Mathura,Commercial,899,6653,5934,Route B
2025-12-01,C00792,F012,Aligarh,Residential,499,3044,2788,Route C
2025-01-01,C00793,F001,Agra Urban,Agricultural,1697,9503,8705,Route D
2025-02-01,C00794,F002,Agra Rural,Industrial,2567,21049,19786,Route E
2025-03-01,C00795,F003,Mathura,Commercial,687,5084,4901,Route A
2025-04-01,C00796,F004,Aligarh,Residential,287,1751,1730,Route B
2025-05-01,C00797,F005,Agra Urban,Agricultural,1277,7151,6379,Route C
2025-06-01,C00798,F006,Agra Rural,Industrial,2147,17605,16126,Route D
2025-07-01,C00799,F007,Mathura,Commercial,967,7156,6727,Route E
2025-08-01,C00800,F008,Aligarh,Residential,567,3459,3334,Route A
2025-09-01,C00801,F009,Agra Urban,Agricultural,1557,8719,8614,Route B
2025-10-01,C00802,F010,Agra Rural,Industrial,2427,19901,17752,Route C
2025-11-01,C00803,F011,Mathura,Commercial,1247,9228,8453,Route D
2025-12-01,C00804,F012,Aligarh,Residential,847,5167,4857,Route E
2025-01-01,C00805,F001,Agra Urban,Agricultural,1345,7532,7080,Route A
2025-02-01,C00806,F002,Agra Rural,Industrial,2215,18163,17509,Route B
2025-03-01,C00807,F003,Mathura,Commercial,1035,7659,7567,Route C
2025-04-01,C00808,F004,Aligarh,Residential,635,3874,3456,Route D
2025-05-01,C00809,F005,Agra Urban,Agricultural,1625,9100,8336,Route E
2025-06-01,C00810,F006,Agra Rural,Industrial,2495,20459,19231,Route A
2025-07-01,C00811,F007,Mathura,Commercial,1315,9731,9381,Route B
2025-08-01,C00812,F008,Aligarh,Residential,215,1312,1296,Route C
2025-09-01,C00813,F009,Agra Urban,Agricultural,1205,6748,6019,Route D
2025-10-01,C00814,F010,Agra Rural,Industrial,2075,17015,15586,Route E
2025-11-01,C00815,F011,Mathura,Commercial,895,6623,6226,Route A
2025-12-01,C00816,F012,Aligarh,Residential,495,3020,2911,Route B
2025-01-01,C00817,F001,Agra Urban,Agricultural,1693,9481,9140,Route C
2025-02-01,C00818,F002,Agra Rural,Industrial,2563,21017,20765,Route D
2025-03-01,C00819,F003,Mathura,Commercial,683,5054,4508,Route E
2025-04-01,C00820,F004,Aligarh,Residential,283,1726,1581,Route A
2025-05-01,C00821,F005,Agra Urban,Agricultural,1273,7129,6701,Route B
2025-06-01,C00822,F006,Agra Rural,Industrial,2143,17573,16940,Route C
2025-07-01,C00823,F007,Mathura,Commercial,963,7126,7040,Route D
2025-08-01,C00824,F008,Aligarh,Residential,563,3434,3063,Route E
2025-09-01,C00825,F009,Agra Urban,Agricultural,1553,8697,7966,Route A
2025-10-01,C00826,F010,Agra Rural,Industrial,2423,19869,18677,Route B
2025-11-01,C00827,F011,Mathura,Commercial,1243,9198,8867,Route C
2025-12-01,C00828,F012,Aligarh,Residential,843,5142,5080,Route D
2025-01-01,C00829,F001,Agra Urban,Agricultural,1341,7510,7420,Route E
2025-02-01,C00830,F002,Agra Rural,Industrial,2211,18130,16172,Route A
2025-03-01,C00831,F003,Mathura,Commercial,1031,7629,6988,Route B
2025-04-01,C00832,F004,Aligarh,Residential,631,3849,3618,Route C
2025-05-01,C00833,F005,Agra Urban,Agricultural,1621,9078,8751,Route D
2025-06-01,C00834,F006,Agra Rural,Industrial,2491,20426,20181,Route E
2025-07-01,C00835,F007,Mathura,Commercial,1311,9701,8653,Route A
2025-08-01,C00836,F008,Aligarh,Residential,211,1287,1179,Route B
2025-09-01,C00837,F009,Agra Urban,Agricultural,1201,6726,6322,Route C
2025-10-01,C00838,F010,Agra Rural,Industrial,2071,16982,16371,Route D
2025-11-01,C00839,F011,Mathura,Commercial,891,6593,6514,Route E
2025-12-01,C00840,F012,Aligarh,Residential,491,2995,2672,Route A
2025-01-01,C00841,F001,Agra Urban,Agricultural,1689,9458,8437,Route B
2025-02-01,C00842,F002,Agra Rural,Industrial,2559,20984,19221,Route C
2025-03-01,C00843,F003,Mathura,Commercial,679,5025,4724,Route D
2025-04-01,C00844,F004,Aligarh,Residential,279,1702,1641,Route E
2025-05-01,C00845,F005,Agra Urban,Agricultural,1269,7106,7021,Route A
2025-06-01,C00846,F006,Agra Rural,Industrial,2139,17540,15646,Route B
2025-07-01,C00847,F007,Mathura,Commercial,959,7097,6501,Route C
2025-08-01,C00848,F008,Aligarh,Residential,559,3410,3205,Route D
2025-09-01,C00849,F009,Agra Urban,Agricultural,1549,8674,8362,Route E
2025-10-01,C00850,F010,Agra Rural,Industrial,2419,19836,19598,Route A
2025-11-01,C00851,F011,Mathura,Commercial,1239,9169,8179,Route B
2025-12-01,C00852,F012,Aligarh,Residential,839,5118,4688,Route C
2025-01-01,C00853,F001,Agra Urban,Agricultural,1337,7487,6858,Route D
2025-02-01,C00854,F002,Agra Rural,Industrial,2207,18097,17011,Route E
2025-03-01,C00855,F003,Mathura,Commercial,1027,7600,7326,Route A
2025-04-01,C00856,F004,Aligarh,Residential,627,3825,3779,Route B
2025-05-01,C00857,F005,Agra Urban,Agricultural,1617,9055,8077,Route C
2025-06-01,C00858,F006,Agra Rural,Industrial,2487,20393,18680,Route D
2025-07-01,C00859,F007,Mathura,Commercial,1307,9672,9092,Route E
2025-08-01,C00860,F008,Aligarh,Residential,207,1263,1218,Route A
2025-09-01,C00861,F009,Agra Urban,Agricultural,1197,6703,6623,Route B
2025-10-01,C00862,F010,Agra Rural,Industrial,2067,16949,15119,Route C
2025-11-01,C00863,F011,Mathura,Commercial,887,6564,6013,Route D
2025-12-01,C00864,F012,Aligarh,Residential,487,2971,2793,Route E
2025-01-01,C00865,F001,Agra Urban,Agricultural,1685,9436,8870,Route A
2025-02-01,C00866,F002,Agra Rural,Industrial,2555,20951,20197,Route B
2025-03-01,C00867,F003,Mathura,Commercial,675,4995,4935,Route C
2025-04-01,C00868,F004,Aligarh,Residential,275,1678,1497,Route D
2025-05-01,C00869,F005,Agra Urban,Agricultural,1265,7084,6489,Route E
2025-06-01,C00870,F006,Agra Rural,Industrial,2135,17507,16457,Route A
2025-07-01,C00871,F007,Mathura,Commercial,955,7067,6813,Route B
2025-08-01,C00872,F008,Aligarh,Residential,555,3386,3345,Route C
2025-09-01,C00873,F009,Agra Urban,Agricultural,1545,8652,7718,Route D
2025-10-01,C00874,F010,Agra Rural,Industrial,2415,19803,18140,Route E
2025-11-01,C00875,F011,Mathura,Commercial,1235,9139,8591,Route A
2025-12-01,C00876,F012,Aligarh,Residential,835,5094,4911,Route B
2025-01-01,C00877,F001,Agra Urban,Agricultural,1333,7465,7196,Route C
2025-02-01,C00878,F002,Agra Rural,Industrial,2203,18065,17848,Route D
2025-03-01,C00879,F003,Mathura,Commercial,1023,7570,6752,Route E
2025-04-01,C00880,F004,Aligarh,Residential,623,3800,3481,Route A
2025-05-01,C00881,F005,Agra Urban,Agricultural,1613,9033,8491,Route B
2025-06-01,C00882,F006,Agra Rural,Industrial,2483,20361,19628,Route C
2025-07-01,C00883,F007,Mathura,Commercial,1303,9642,9526,Route D
2025-08-01,C00884,F008,Aligarh,Residential,203,1238,1104,Route E
2025-09-01,C00885,F009,Agra Urban,Agricultural,1193,6681,6120,Route A
2025-10-01,C00886,F010,Agra Rural,Industrial,2063,16917,15902,Route B
2025-11-01,C00887,F011,Mathura,Commercial,883,6534,6299,Route C
2025-12-01,C00888,F012,Aligarh,Residential,483,2946,2911,Route D
2025-01-01,C00889,F001,Agra Urban,Agricultural,1681,9414,9301,Route E
2025-02-01,C00890,F002,Agra Rural,Industrial,2551,20918,18659,Route A
2025-03-01,C00891,F003,Mathura,Commercial,671,4965,4548,Route B
2025-04-01,C00892,F004,Aligarh,Residential,271,1653,1554,Route C
2025-05-01,C00893,F005,Agra Urban,Agricultural,1261,7062,6808,Route D
2025-06-01,C00894,F006,Agra Rural,Industrial,2131,17474,17264,Route E
2025-07-01,C00895,F007,Mathura,Commercial,951,7037,6277,Route A
2025-08-01,C00896,F008,Aligarh,Residential,551,3361,3079,Route B
2025-09-01,C00897,F009,Agra Urban,Agricultural,1541,8630,8112,Route C
2025-10-01,C00898,F010,Agra Rural,Industrial,2411,19770,19058,Route D
2025-11-01,C00899,F011,Mathura,Commercial,1231,9109,9000,Route E
2025-12-01,C00900,F012,Aligarh,Residential,831,5069,4522,Route A
2025-01-01,C00901,F001,Agra Urban,Agricultural,1329,7442,6638,Route B
2025-02-01,C00902,F002,Agra Rural,Industrial,2199,18032,16517,Route C
2025-03-01,C00903,F003,Mathura,Commercial,1019,7541,7089,Route D
2025-04-01,C00904,F004,Aligarh,Residential,619,3776,3640,Route E
2025-05-01,C00905,F005,Agra Urban,Agricultural,1609,9010,8902,Route A
2025-06-01,C00906,F006,Agra Rural,Industrial,2479,20328,18133,Route B
2025-07-01,C00907,F007,Mathura,Commercial,1299,9613,8806,Route C
2025-08-01,C00908,F008,Aligarh,Residential,199,1214,1141,Route D
2025-09-01,C00909,F009,Agra Urban,Agricultural,1189,6658,6418,Route E
2025-10-01,C00910,F010,Agra Rural,Industrial,2059,16884,16681,Route A
2025-11-01,C00911,F011,Mathura,Commercial,879,6505,5802,Route B
2025-12-01,C00912,F012,Aligarh,Residential,479,2922,2677,Route C
2025-01-01,C00913,F001,Agra Urban,Agricultural,1677,9391,8602,Route D
2025-02-01,C00914,F002,Agra Rural,Industrial,2547,20885,19632,Route E
2025-03-01,C00915,F003,Mathura,Commercial,667,4936,4758,Route A
2025-04-01,C00916,F004,Aligarh,Residential,267,1629,1609,Route B
2025-05-01,C00917,F005,Agra Urban,Agricultural,1257,7039,6279,Route C
2025-06-01,C00918,F006,Agra Rural,Industrial,2127,17441,15976,Route D
2025-07-01,C00919,F007,Mathura,Commercial,947,7008,6588,Route E
2025-08-01,C00920,F008,Aligarh,Residential,547,3337,3217,Route A
2025-09-01,C00921,F009,Agra Urban,Agricultural,1537,8607,8504,Route B
2025-10-01,C00922,F010,Agra Rural,Industrial,2407,19737,17605,Route C
2025-11-01,C00923,F011,Mathura,Commercial,1227,9080,8317,Route D
2025-12-01,C00924,F012,Aligarh,Residential,827,5045,4742,Route E
2025-01-01,C00925,F001,Agra Urban,Agricultural,1325,7420,6975,Route A
2025-02-01,C00926,F002,Agra Rural,Industrial,2195,17999,17351,Route B
2025-03-01,C00927,F003,Mathura,Commercial,1015,7511,7421,Route C
2025-04-01,C00928,F004,Aligarh,Residential,615,3752,3347,Route D
2025-05-01,C00929,F005,Agra Urban,Agricultural,1605,8988,8233,Route E
2025-06-01,C00930,F006,Agra Rural,Industrial,2475,20295,19077,Route A
2025-07-01,C00931,F007,Mathura,Commercial,1295,9583,9238,Route B
2025-08-01,C00932,F008,Aligarh,Residential,195,1190,1176,Route C
2025-09-01,C00933,F009,Agra Urban,Agricultural,1185,6636,5919,Route D
2025-10-01,C00934,F010,Agra Rural,Industrial,2055,16851,15436,Route E
2025-11-01,C00935,F011,Mathura,Commercial,875,6475,6087,Route A
2025-12-01,C00936,F012,Aligarh,Residential,475,2898,2794,Route B
2025-01-01,C00937,F001,Agra Urban,Agricultural,1673,9369,9032,Route C
2025-02-01,C00938,F002,Agra Rural,Industrial,2543,20853,20603,Route D
2025-03-01,C00939,F003,Mathura,Commercial,663,4906,4376,Route E
2025-04-01,C00940,F004,Aligarh,Residential,263,1604,1469,Route A
2025-05-01,C00941,F005,Agra Urban,Agricultural,1253,7017,6596,Route B
2025-06-01,C00942,F006,Agra Rural,Industrial,2123,17409,16782,Route C
2025-07-01,C00943,F007,Mathura,Commercial,943,6978,6894,Route D
2025-08-01,C00944,F008,Aligarh,Residential,543,3312,2954,Route E
2025-09-01,C00945,F009,Agra Urban,Agricultural,1533,8585,7864,Route A
2025-10-01,C00946,F010,Agra Rural,Industrial,2403,19705,18523,Route B
2025-11-01,C00947,F011,Mathura,Commercial,1223,9050,8724,Route C
2025-12-01,C00948,F012,Aligarh,Residential,823,5020,4960,Route D
2025-01-01,C00949,F001,Agra Urban,Agricultural,1321,7398,7309,Route E
2025-02-01,C00950,F002,Agra Rural,Industrial,2191,17966,16026,Route A
2025-03-01,C00951,F003,Mathura,Commercial,1011,7481,6853,Route B
2025-04-01,C00952,F004,Aligarh,Residential,611,3727,3503,Route C
2025-05-01,C00953,F005,Agra Urban,Agricultural,1601,8966,8643,Route D
2025-06-01,C00954,F006,Agra Rural,Industrial,2471,20262,20019,Route E
2025-07-01,C00955,F007,Mathura,Commercial,1291,9553,8521,Route A
2025-08-01,C00956,F008,Aligarh,Residential,191,1165,1067,Route B
2025-09-01,C00957,F009,Agra Urban,Agricultural,1181,6614,6217,Route C
2025-10-01,C00958,F010,Agra Rural,Industrial,2051,16818,16213,Route D
2025-11-01,C00959,F011,Mathura,Commercial,871,6445,6368,Route E
2025-12-01,C00960,F012,Aligarh,Residential,471,2873,2563,Route A
2025-01-01,C00961,F001,Agra Urban,Agricultural,1669,9346,8337,Route B
2025-02-01,C00962,F002,Agra Rural,Industrial,2539,20820,19071,Route C
2025-03-01,C00963,F003,Mathura,Commercial,659,4877,4584,Route D
2025-04-01,C00964,F004,Aligarh,Residential,259,1580,1523,Route E
2025-05-01,C00965,F005,Agra Urban,Agricultural,1249,6994,6910,Route A
2025-06-01,C00966,F006,Agra Rural,Industrial,2119,17376,15499,Route B
2025-07-01,C00967,F007,Mathura,Commercial,939,6949,6365,Route C
2025-08-01,C00968,F008,Aligarh,Residential,539,3288,3091,Route D
2025-09-01,C00969,F009,Agra Urban,Agricultural,1529,8562,8254,Route E
2025-10-01,C00970,F010,Agra Rural,Industrial,2399,19672,19436,Route A
2025-11-01,C00971,F011,Mathura,Commercial,1219,9021,8047,Route B
2025-12-01,C00972,F012,Aligarh,Residential,819,4996,4576,Route C
2025-01-01,C00973,F001,Agra Urban,Agricultural,1317,7375,6756,Route D
2025-02-01,C00974,F002,Agra Rural,Industrial,2187,17933,16857,Route E
2025-03-01,C00975,F003,Mathura,Commercial,1007,7452,7184,Route A
2025-04-01,C00976,F004,Aligarh,Residential,607,3703,3659,Route B
2025-05-01,C00977,F005,Agra Urban,Agricultural,1597,8943,7977,Route C
2025-06-01,C00978,F006,Agra Rural,Industrial,2467,20229,18530,Route D
2025-07-01,C00979,F007,Mathura,Commercial,1287,9524,8953,Route E
2025-08-01,C00980,F008,Aligarh,Residential,187,1141,1100,Route A
2025-09-01,C00981,F009,Agra Urban,Agricultural,1177,6591,6512,Route B
2025-10-01,C00982,F010,Agra Rural,Industrial,2047,16785,14972,Route C
2025-11-01,C00983,F011,Mathura,Commercial,867,6416,5877,Route D
2025-12-01,C00984,F012,Aligarh,Residential,467,2849,2678,Route E
2025-01-01,C00985,F001,Agra Urban,Agricultural,1665,9324,8765,Route A
2025-02-01,C00986,F002,Agra Rural,Industrial,2535,20787,20039,Route B
2025-03-01,C00987,F003,Mathura,Commercial,655,4847,4789,Route C
2025-04-01,C00988,F004,Aligarh,Residential,255,1556,1388,Route D
2025-05-01,C00989,F005,Agra Urban,Agricultural,1245,6972,6386,Route E
2025-06-01,C00990,F006,Agra Rural,Industrial,2115,17343,16302,Route A
2025-07-01,C00991,F007,Mathura,Commercial,935,6919,6670,Route B
2025-08-01,C00992,F008,Aligarh,Residential,535,3264,3225,Route C
2025-09-01,C00993,F009,Agra Urban,Agricultural,1525,8540,7618,Route D
2025-10-01,C00994,F010,Agra Rural,Industrial,2395,19639,17989,Route E
2025-11-01,C00995,F011,Mathura,Commercial,1215,8991,8452,Route A
2025-12-01,C00996,F012,Aligarh,Residential,815,4972,4793,Route B
2025-01-01,C00997,F001,Agra Urban,Agricultural,1313,7353,7088,Route C
2025-02-01,C00998,F002,Agra Rural,Industrial,2183,17901,17686,Route D
2025-03-01,C00999,F003,Mathura,Commercial,1003,7422,6620,Route E
2025-04-01,C01000,F004,Aligarh,Residential,603,3678,3369,Route A
2025-05-01,C01001,F005,Agra Urban,Agricultural,1593,8921,8386,Route B
2025-06-01,C01002,F006,Agra Rural,Industrial,2463,20197,19470,Route C
2025-07-01,C01003,F007,Mathura,Commercial,1283,9494,9380,Route D
2025-08-01,C01004,F008,Aligarh,Residential,183,1116,995,Route E
2025-09-01,C01005,F009,Agra Urban,Agricultural,1173,6569,6017,Route A
2025-10-01,C01006,F010,Agra Rural,Industrial,2043,16753,15748,Route B
2025-11-01,C01007,F011,Mathura,Commercial,863,6386,6156,Route C
2025-12-01,C01008,F012,Aligarh,Residential,463,2824,2790,Route D
2025-01-01,C01009,F001,Agra Urban,Agricultural,1661,9302,9190,Route E
2025-02-01,C01010,F002,Agra Rural,Industrial,2531,20754,18513,Route A
2025-03-01,C01011,F003,Mathura,Commercial,651,4817,4412,Route B
2025-04-01,C01012,F004,Aligarh,Residential,251,1531,1439,Route C
2025-05-01,C01013,F005,Agra Urban,Agricultural,1241,6950,6700,Route D
2025-06-01,C01014,F006,Agra Rural,Industrial,2111,17310,17102,Route E
2025-07-01,C01015,F007,Mathura,Commercial,931,6889,6145,Route A
2025-08-01,C01016,F008,Aligarh,Residential,531,3239,2967,Route B
2025-09-01,C01017,F009,Agra Urban,Agricultural,1521,8518,8007,Route C
2025-10-01,C01018,F010,Agra Rural,Industrial,2391,19606,18900,Route D
2025-11-01,C01019,F011,Mathura,Commercial,1211,8961,8853,Route E
2025-12-01,C01020,F012,Aligarh,Residential,811,4947,4413,Route A
2025-01-01,C01021,F001,Agra Urban,Agricultural,1309,7330,6538,Route B
2025-02-01,C01022,F002,Agra Rural,Industrial,2179,17868,16367,Route C
2025-03-01,C01023,F003,Mathura,Commercial,999,7393,6949,Route D
2025-04-01,C01024,F004,Aligarh,Residential,599,3654,3522,Route E
2025-05-01,C01025,F005,Agra Urban,Agricultural,1589,8898,8791,Route A
2025-06-01,C01026,F006,Agra Rural,Industrial,2459,20164,17986,Route B
2025-07-01,C01027,F007,Mathura,Commercial,1279,9465,8670,Route C
2025-08-01,C01028,F008,Aligarh,Residential,879,5362,5040,Route D
2025-09-01,C01029,F009,Agra Urban,Agricultural,1169,6546,6310,Route E
2025-10-01,C01030,F010,Agra Rural,Industrial,2039,16720,16519,Route A
2025-11-01,C01031,F011,Mathura,Commercial,859,6357,5670,Route B
2025-12-01,C01032,F012,Aligarh,Residential,459,2800,2565,Route C
2025-01-01,C01033,F001,Agra Urban,Agricultural,1657,9279,8500,Route D
2025-02-01,C01034,F002,Agra Rural,Industrial,2527,20721,19478,Route E
2025-03-01,C01035,F003,Mathura,Commercial,1347,9968,9609,Route A
2025-04-01,C01036,F004,Aligarh,Residential,247,1507,1489,Route B
2025-05-01,C01037,F005,Agra Urban,Agricultural,1237,6927,6179,Route C
2025-06-01,C01038,F006,Agra Rural,Industrial,2107,17277,15826,Route D
2025-07-01,C01039,F007,Mathura,Commercial,927,6860,6448,Route E
2025-08-01,C01040,F008,Aligarh,Residential,527,3215,3099,Route A
2025-09-01,C01041,F009,Agra Urban,Agricultural,1517,8495,8393,Route B
2025-10-01,C01042,F010,Agra Rural,Industrial,2387,19573,17459,Route C
2025-11-01,C01043,F011,Mathura,Commercial,1207,8932,8182,Route D
2025-12-01,C01044,F012,Aligarh,Residential,807,4923,4628,Route E
2025-01-01,C01045,F001,Agra Urban,Agricultural,1305,7308,6870,Route A
2025-02-01,C01046,F002,Agra Rural,Industrial,2175,17835,17193,Route B
2025-03-01,C01047,F003,Mathura,Commercial,995,7363,7275,Route C
2025-04-01,C01048,F004,Aligarh,Residential,595,3630,3238,Route D
2025-05-01,C01049,F005,Agra Urban,Agricultural,1585,8876,8130,Route E
2025-06-01,C01050,F006,Agra Rural,Industrial,2455,20131,18923,Route A
2025-07-01,C01051,F007,Mathura,Commercial,1275,9435,9095,Route B
2025-08-01,C01052,F008,Aligarh,Residential,875,5338,5274,Route C
2025-09-01,C01053,F009,Agra Urban,Agricultural,1165,6524,5819,Route D
2025-10-01,C01054,F010,Agra Rural,Industrial,2035,16687,15285,Route E
2025-11-01,C01055,F011,Mathura,Commercial,855,6327,5947,Route A
2025-12-01,C01056,F012,Aligarh,Residential,455,2776,2676,Route B
2025-01-01,C01057,F001,Agra Urban,Agricultural,1653,9257,8924,Route C
2025-02-01,C01058,F002,Agra Rural,Industrial,2523,20689,20441,Route D
2025-03-01,C01059,F003,Mathura,Commercial,1343,9938,8865,Route E
2025-04-01,C01060,F004,Aligarh,Residential,243,1482,1358,Route A
2025-05-01,C01061,F005,Agra Urban,Agricultural,1233,6905,6491,Route B
2025-06-01,C01062,F006,Agra Rural,Industrial,2103,17245,16624,Route C
2025-07-01,C01063,F007,Mathura,Commercial,923,6830,6748,Route D
2025-08-01,C01064,F008,Aligarh,Residential,523,3190,2845,Route E
2025-09-01,C01065,F009,Agra Urban,Agricultural,1513,8473,7761,Route A
2025-10-01,C01066,F010,Agra Rural,Industrial,2383,19541,18369,Route B
2025-11-01,C01067,F011,Mathura,Commercial,1203,8902,8582,Route C
2025-12-01,C01068,F012,Aligarh,Residential,803,4898,4839,Route D
2025-01-01,C01069,F001,Agra Urban,Agricultural,1301,7286,7199,Route E
2025-02-01,C01070,F002,Agra Rural,Industrial,2171,17802,15879,Route A
2025-03-01,C01071,F003,Mathura,Commercial,991,7333,6717,Route B
2025-04-01,C01072,F004,Aligarh,Residential,591,3605,3389,Route C
2025-05-01,C01073,F005,Agra Urban,Agricultural,1581,8854,8535,Route D
2025-06-01,C01074,F006,Agra Rural,Industrial,2451,20098,19857,Route E
2025-07-01,C01075,F007,Mathura,Commercial,1271,9405,8389,Route A
2025-08-01,C01076,F008,Aligarh,Residential,871,5313,4867,Route B
2025-09-01,C01077,F009,Agra Urban,Agricultural,1161,6502,6112,Route C
2025-10-01,C01078,F010,Agra Rural,Industrial,2031,16654,16054,Route D
2025-11-01,C01079,F011,Mathura,Commercial,851,6297,6221,Route E
2025-12-01,C01080,F012,Aligarh,Residential,451,2751,2454,Route A
2025-01-01,C01081,F001,Agra Urban,Agricultural,1649,9234,8237,Route B
2025-02-01,C01082,F002,Agra Rural,Industrial,2519,20656,18921,Route C
2025-03-01,C01083,F003,Mathura,Commercial,1339,9909,9314,Route D
2025-04-01,C01084,F004,Aligarh,Residential,239,1458,1406,Route E
2025-05-01,C01085,F005,Agra Urban,Agricultural,1229,6882,6799,Route A
2025-06-01,C01086,F006,Agra Rural,Industrial,2099,17212,15353,Route B
2025-07-01,C01087,F007,Mathura,Commercial,919,6801,6230,Route C
2025-08-01,C01088,F008,Aligarh,Residential,519,3166,2976,Route D
2025-09-01,C01089,F009,Agra Urban,Agricultural,1509,8450,8146,Route E
2025-10-01,C01090,F010,Agra Rural,Industrial,2379,19508,19274,Route A
2025-11-01,C01091,F011,Mathura,Commercial,1199,8873,7915,Route B
2025-12-01,C01092,F012,Aligarh,Residential,799,4874,4465,Route C
2025-01-01,C01093,F001,Agra Urban,Agricultural,1297,7263,6653,Route D
2025-02-01,C01094,F002,Agra Rural,Industrial,2167,17769,16703,Route E
2025-03-01,C01095,F003,Mathura,Commercial,987,7304,7041,Route A
2025-04-01,C01096,F004,Aligarh,Residential,587,3581,3538,Route B
2025-05-01,C01097,F005,Agra Urban,Agricultural,1577,8831,7877,Route C
2025-06-01,C01098,F006,Agra Rural,Industrial,2447,20065,18380,Route D
2025-07-01,C01099,F007,Mathura,Commercial,1267,9376,8813,Route E
2025-08-01,C01100,F008,Aligarh,Residential,867,5289,5099,Route A
2025-09-01,C01101,F009,Agra Urban,Agricultural,1157,6479,6401,Route B
2025-10-01,C01102,F010,Agra Rural,Industrial,2027,16621,14826,Route C
2025-11-01,C01103,F011,Mathura,Commercial,847,6268,5741,Route D
2025-12-01,C01104,F012,Aligarh,Residential,447,2727,2563,Route E
2025-01-01,C01105,F001,Agra Urban,Agricultural,1645,9212,8659,Route A
2025-02-01,C01106,F002,Agra Rural,Industrial,2515,20623,19881,Route B
2025-03-01,C01107,F003,Mathura,Commercial,1335,9879,9760,Route C
2025-04-01,C01108,F004,Aligarh,Residential,235,1434,1279,Route D
2025-05-01,C01109,F005,Agra Urban,Agricultural,1225,6860,6284,Route E
2025-06-01,C01110,F006,Agra Rural,Industrial,2095,17179,16148,Route A
2025-07-01,C01111,F007,Mathura,Commercial,915,6771,6527,Route B
2025-08-01,C01112,F008,Aligarh,Residential,515,3142,3104,Route C
2025-09-01,C01113,F009,Agra Urban,Agricultural,1505,8428,7518,Route D
2025-10-01,C01114,F010,Agra Rural,Industrial,2375,19475,17839,Route E
2025-11-01,C01115,F011,Mathura,Commercial,1195,8843,8312,Route A
2025-12-01,C01116,F012,Aligarh,Residential,795,4850,4675,Route B
2025-01-01,C01117,F001,Agra Urban,Agricultural,1293,7241,6980,Route C
2025-02-01,C01118,F002,Agra Rural,Industrial,2163,17737,17524,Route D
2025-03-01,C01119,F003,Mathura,Commercial,983,7274,6488,Route E
2025-04-01,C01120,F004,Aligarh,Residential,583,3556,3257,Route A
2025-05-01,C01121,F005,Agra Urban,Agricultural,1573,8809,8280,Route B
2025-06-01,C01122,F006,Agra Rural,Industrial,2443,20033,19312,Route C
2025-07-01,C01123,F007,Mathura,Commercial,1263,9346,9234,Route D
2025-08-01,C01124,F008,Aligarh,Residential,863,5264,4695,Route E
2025-09-01,C01125,F009,Agra Urban,Agricultural,1153,6457,5915,Route A
2025-10-01,C01126,F010,Agra Rural,Industrial,2023,16589,15594,Route B
2025-11-01,C01127,F011,Mathura,Commercial,843,6238,6013,Route C
2025-12-01,C01128,F012,Aligarh,Residential,443,2702,2670,Route D
2025-01-01,C01129,F001,Agra Urban,Agricultural,1641,9190,9080,Route E
2025-02-01,C01130,F002,Agra Rural,Industrial,2511,20590,18366,Route A
2025-03-01,C01131,F003,Mathura,Commercial,1331,9849,9022,Route B
2025-04-01,C01132,F004,Aligarh,Residential,231,1409,1324,Route C
2025-05-01,C01133,F005,Agra Urban,Agricultural,1221,6838,6592,Route D
2025-06-01,C01134,F006,Agra Rural,Industrial,2091,17146,16940,Route E
2025-07-01,C01135,F007,Mathura,Commercial,911,6741,6013,Route A
2025-08-01,C01136,F008,Aligarh,Residential,511,3117,2855,Route B
2025-09-01,C01137,F009,Agra Urban,Agricultural,1501,8406,7902,Route C
2025-10-01,C01138,F010,Agra Rural,Industrial,2371,19442,18742,Route D
2025-11-01,C01139,F011,Mathura,Commercial,1191,8813,8707,Route E
2025-12-01,C01140,F012,Aligarh,Residential,791,4825,4304,Route A
2025-01-01,C01141,F001,Agra Urban,Agricultural,1289,7218,6438,Route B
2025-02-01,C01142,F002,Agra Rural,Industrial,2159,17704,16217,Route C
2025-03-01,C01143,F003,Mathura,Commercial,979,7245,6810,Route D
2025-04-01,C01144,F004,Aligarh,Residential,579,3532,3405,Route E
2025-05-01,C01145,F005,Agra Urban,Agricultural,1569,8786,8681,Route A
2025-06-01,C01146,F006,Agra Rural,Industrial,2439,20000,17840,Route B
2025-07-01,C01147,F007,Mathura,Commercial,1259,9317,8534,Route C
2025-08-01,C01148,F008,Aligarh,Residential,859,5240,4926,Route D
2025-09-01,C01149,F009,Agra Urban,Agricultural,1149,6434,6202,Route E
2025-10-01,C01150,F010,Agra Rural,Industrial,2019,16556,16357,Route A
2025-11-01,C01151,F011,Mathura,Commercial,839,6209,5538,Route B
2025-12-01,C01152,F012,Aligarh,Residential,439,2678,2453,Route C
2025-01-01,C01153,F001,Agra Urban,Agricultural,1637,9167,8397,Route D
2025-02-01,C01154,F002,Agra Rural,Industrial,2507,20557,19324,Route E
2025-03-01,C01155,F003,Mathura,Commercial,1327,9820,9466,Route A
2025-04-01,C01156,F004,Aligarh,Residential,227,1385,1368,Route B
2025-05-01,C01157,F005,Agra Urban,Agricultural,1217,6815,6079,Route C
2025-06-01,C01158,F006,Agra Rural,Industrial,2087,17113,15676,Route D
2025-07-01,C01159,F007,Mathura,Commercial,907,6712,6309,Route E
2025-08-01,C01160,F008,Aligarh,Residential,507,3093,2982,Route A
2025-09-01,C01161,F009,Agra Urban,Agricultural,1497,8383,8282,Route B
2025-10-01,C01162,F010,Agra Rural,Industrial,2367,19409,17313,Route C
2025-11-01,C01163,F011,Mathura,Commercial,1187,8784,8046,Route D
2025-12-01,C01164,F012,Aligarh,Residential,787,4801,4513,Route E
2025-01-01,C01165,F001,Agra Urban,Agricultural,1285,7196,6764,Route A
2025-02-01,C01166,F002,Agra Rural,Industrial,2155,17671,17035,Route B
2025-03-01,C01167,F003,Mathura,Commercial,975,7215,7128,Route C
2025-04-01,C01168,F004,Aligarh,Residential,575,3508,3129,Route D
2025-05-01,C01169,F005,Agra Urban,Agricultural,1565,8764,8028,Route E
2025-06-01,C01170,F006,Agra Rural,Industrial,2435,19967,18769,Route A
2025-07-01,C01171,F007,Mathura,Commercial,1255,9287,8953,Route B
2025-08-01,C01172,F008,Aligarh,Residential,855,5216,5153,Route C
2025-09-01,C01173,F009,Agra Urban,Agricultural,1145,6412,5720,Route D
2025-10-01,C01174,F010,Agra Rural,Industrial,2015,16523,15135,Route E
2025-11-01,C01175,F011,Mathura,Commercial,835,6179,5808,Route A
2025-12-01,C01176,F012,Aligarh,Residential,435,2654,2558,Route B
2025-01-01,C01177,F001,Agra Urban,Agricultural,1633,9145,8816,Route C
2025-02-01,C01178,F002,Agra Rural,Industrial,2503,20525,20279,Route D
2025-03-01,C01179,F003,Mathura,Commercial,1323,9790,8733,Route E
2025-04-01,C01180,F004,Aligarh,Residential,223,1360,1246,Route A
2025-05-01,C01181,F005,Agra Urban,Agricultural,1213,6793,6385,Route B
2025-06-01,C01182,F006,Agra Rural,Industrial,2083,17081,16466,Route C
2025-07-01,C01183,F007,Mathura,Commercial,903,6682,6602,Route D
2025-08-01,C01184,F008,Aligarh,Residential,503,3068,2737,Route E
2025-09-01,C01185,F009,Agra Urban,Agricultural,1493,8361,7659,Route A
2025-10-01,C01186,F010,Agra Rural,Industrial,2363,19377,18214,Route B
2025-11-01,C01187,F011,Mathura,Commercial,1183,8754,8439,Route C
2025-12-01,C01188,F012,Aligarh,Residential,783,4776,4719,Route D
2025-01-01,C01189,F001,Agra Urban,Agricultural,1281,7174,7088,Route E
2025-02-01,C01190,F002,Agra Rural,Industrial,2151,17638,15733,Route A
2025-03-01,C01191,F003,Mathura,Commercial,971,7185,6581,Route B
2025-04-01,C01192,F004,Aligarh,Residential,571,3483,3274,Route C
2025-05-01,C01193,F005,Agra Urban,Agricultural,1561,8742,8427,Route D
2025-06-01,C01194,F006,Agra Rural,Industrial,2431,19934,19695,Route E
2025-07-01,C01195,F007,Mathura,Commercial,1251,9257,8257,Route A
2025-08-01,C01196,F008,Aligarh,Residential,851,5191,4755,Route B
2025-09-01,C01197,F009,Agra Urban,Agricultural,1141,6390,6007,Route C
2025-10-01,C01198,F010,Agra Rural,Industrial,2011,16490,15896,Route D
2025-11-01,C01199,F011,Mathura,Commercial,831,6149,6075,Route E
2025-12-01,C01200,F012,Aligarh,Residential,431,2629,2345,Route A
