month,feeder_id,feeder_name,division,zone,energy_input_kwh,energy_billed_kwh,technical_loss_kwh,revenue_collected_inr
2025-01-01,F001,Feeder 01,Agra Urban,West,118000,109150,8850,99327
2025-01-01,F002,Feeder 02,Agra Rural,North,125200,113932,11268,105045
2025-01-01,F003,Feeder 03,Mathura,Central,132400,118498,13902,110677
2025-01-01,F004,Feeder 04,Aligarh,East,139600,122848,16752,116214
2025-01-01,F005,Feeder 05,Agra Urban,West,146800,128744,18056,123337
2025-01-01,F006,Feeder 06,Agra Rural,North,154000,141988,12012,137728
2025-01-01,F007,Feeder 07,Mathura,Central,161200,146208,14992,133049
2025-01-01,F008,Feeder 08,Aligarh,East,168400,150213,18187,138496
2025-01-01,F009,Feeder 09,Agra Urban,West,175600,156108,19492,145805
2025-01-01,F010,Feeder 10,Agra Rural,North,182800,159767,23033,151140
2025-01-01,F011,Feeder 11,Mathura,Central,190000,174610,15390,167276
2025-01-01,F012,Feeder 12,Aligarh,East,197200,178269,18931,172921
2025-02-01,F001,Feeder 01,Agra Urban,West,120800,111378,9422,102691
2025-02-01,F002,Feeder 02,Agra Rural,North,128900,116912,11988,109196
2025-02-01,F003,Feeder 03,Mathura,Central,137000,122204,14796,115605
2025-02-01,F004,Feeder 04,Aligarh,East,145100,128994,16106,123576
2025-02-01,F005,Feeder 05,Agra Urban,West,153200,133897,19303,129880
2025-02-01,F006,Feeder 06,Agra Rural,North,161300,148235,13065,134894
2025-02-01,F007,Feeder 07,Mathura,Central,169400,153138,16262,141193
2025-02-01,F008,Feeder 08,Aligarh,East,171200,154251,16949,144070
2025-02-01,F009,Feeder 09,Agra Urban,West,179300,158860,20440,150282
2025-02-01,F010,Feeder 10,Agra Rural,North,187400,163225,24175,156370
2025-02-01,F011,Feeder 11,Mathura,Central,195500,179078,16422,173706
2025-02-01,F012,Feeder 12,Aligarh,East,203600,185887,17713,169157
2025-03-01,F001,Feeder 01,Agra Urban,West,123600,113588,10012,106091
2025-03-01,F002,Feeder 02,Agra Rural,North,132600,119870,12730,113397
2025-03-01,F003,Feeder 03,Mathura,Central,141600,127582,14018,122224
2025-03-01,F004,Feeder 04,Aligarh,East,150600,133432,17168,129429
2025-03-01,F005,Feeder 05,Agra Urban,West,153300,133524,19776,121507
2025-03-01,F006,Feeder 06,Agra Rural,North,162300,148667,13633,137071
2025-03-01,F007,Feeder 07,Mathura,Central,171300,156397,14903,146075
2025-03-01,F008,Feeder 08,Aligarh,East,174000,156252,17748,147814
2025-03-01,F009,Feeder 09,Agra Urban,West,183000,161589,21411,154802
2025-03-01,F010,Feeder 10,Agra Rural,North,192000,166656,25344,161656
2025-03-01,F011,Feeder 11,Mathura,Central,201000,185925,15075,169192
2025-03-01,F012,Feeder 12,Aligarh,East,203700,185367,18333,170908
2025-04-01,F001,Feeder 01,Agra Urban,West,126400,115782,10618,109530
2025-04-01,F002,Feeder 02,Agra Rural,North,136300,124442,11858,119215
2025-04-01,F003,Feeder 03,Mathura,Central,146200,131288,14912,127349
2025-04-01,F004,Feeder 04,Aligarh,East,149800,132273,17527,120368
2025-04-01,F005,Feeder 05,Agra Urban,West,159700,138620,21080,127808
2025-04-01,F006,Feeder 06,Agra Rural,North,163300,151052,12248,141083
2025-04-01,F007,Feeder 07,Mathura,Central,173200,157612,15588,149101
2025-04-01,F008,Feeder 08,Aligarh,East,176800,158236,18564,151590
2025-04-01,F009,Feeder 09,Agra Urban,West,186700,164296,22404,159367
2025-04-01,F010,Feeder 10,Agra Rural,North,196600,172418,24182,156900
2025-04-01,F011,Feeder 11,Mathura,Central,200200,184584,15616,170186
2025-04-01,F012,Feeder 12,Aligarh,East,210100,190561,19539,177984
2025-05-01,F001,Feeder 01,Agra Urban,West,129200,119510,9690,114491
2025-05-01,F002,Feeder 02,Agra Rural,North,140000,127400,12600,123578
2025-05-01,F003,Feeder 03,Mathura,Central,144500,129327,15173,117688
2025-05-01,F004,Feeder 04,Aligarh,East,155300,136664,18636,126004
2025-05-01,F005,Feeder 05,Agra Urban,West,159800,140145,19655,130895
2025-05-01,F006,Feeder 06,Agra Rural,North,170600,157293,13307,148799
2025-05-01,F007,Feeder 07,Mathura,Central,175100,158816,16284,152146
2025-05-01,F008,Feeder 08,Aligarh,East,179600,160203,19397,155397
2025-05-01,F009,Feeder 09,Agra Urban,West,190400,169266,21134,154032
2025-05-01,F010,Feeder 10,Agra Rural,North,194900,170343,24557,157056
2025-05-01,F011,Feeder 11,Mathura,Central,205700,189038,16662,176561
2025-05-01,F012,Feeder 12,Aligarh,East,210200,190021,20179,179760
2025-06-01,F001,Feeder 01,Agra Urban,West,132000,121704,10296,118053
2025-06-01,F002,Feeder 02,Agra Rural,North,143700,130336,13364,118606
2025-06-01,F003,Feeder 03,Mathura,Central,149100,132997,16103,122623
2025-06-01,F004,Feeder 04,Aligarh,East,154500,137350,17150,128285
2025-06-01,F005,Feeder 05,Agra Urban,West,166200,145259,20941,137415
2025-06-01,F006,Feeder 06,Agra Rural,North,171600,157700,13900,151077
2025-06-01,F007,Feeder 07,Mathura,Central,177000,160008,16992,155208
2025-06-01,F008,Feeder 08,Aligarh,East,182400,164342,18058,149551
2025-06-01,F009,Feeder 09,Agra Urban,West,194100,171973,22127,158559
2025-06-01,F010,Feeder 10,Agra Rural,North,199500,173764,25736,162296
2025-06-01,F011,Feeder 11,Mathura,Central,204900,187688,17212,177553
2025-06-01,F012,Feeder 12,Aligarh,East,216600,197756,18844,189450
2025-07-01,F001,Feeder 01,Agra Urban,West,134800,123881,10919,112732
2025-07-01,F002,Feeder 02,Agra Rural,North,147400,133250,14150,122857
2025-07-01,F003,Feeder 03,Mathura,Central,153700,138484,15216,129344
2025-07-01,F004,Feeder 04,Aligarh,East,160000,141760,18240,134105
2025-07-01,F005,Feeder 05,Agra Urban,West,166300,144847,21453,138763
2025-07-01,F006,Feeder 06,Agra Rural,North,172600,158102,14498,153359
2025-07-01,F007,Feeder 07,Mathura,Central,178900,163336,15564,148636
2025-07-01,F008,Feeder 08,Aligarh,East,185200,166310,18890,153338
2025-07-01,F009,Feeder 09,Agra Urban,West,197800,174657,23143,163130
2025-07-01,F010,Feeder 10,Agra Rural,North,204100,177159,26941,167592
2025-07-01,F011,Feeder 11,Mathura,Central,210400,194620,15780,186446
2025-07-01,F012,Feeder 12,Aligarh,East,216700,197197,19503,191281
2025-08-01,F001,Feeder 01,Agra Urban,West,137600,126042,11558,116211
2025-08-01,F002,Feeder 02,Agra Rural,North,144800,132202,12598,123477
2025-08-01,F003,Feeder 03,Mathura,Central,152000,136496,15504,129125
2025-08-01,F004,Feeder 04,Aligarh,East,159200,140574,18626,134670
2025-08-01,F005,Feeder 05,Agra Urban,West,166400,144435,21965,140102
2025-08-01,F006,Feeder 06,Agra Rural,North,173600,160580,13020,146128
2025-08-01,F007,Feeder 07,Mathura,Central,180800,164528,16272,151695
2025-08-01,F008,Feeder 08,Aligarh,East,188000,168260,19740,157155
2025-08-01,F009,Feeder 09,Agra Urban,West,195200,171776,23424,162500
2025-08-01,F010,Feeder 10,Agra Rural,North,202400,177505,24895,170050
2025-08-01,F011,Feeder 11,Mathura,Central,209600,193251,16349,187453
2025-08-01,F012,Feeder 12,Aligarh,East,216800,196638,20162,178941
2025-09-01,F001,Feeder 01,Agra Urban,West,140400,129870,10530,121299
2025-09-01,F002,Feeder 02,Agra Rural,North,148500,135135,13365,127838
2025-09-01,F003,Feeder 03,Mathura,Central,156600,140157,16443,134270
2025-09-01,F004,Feeder 04,Aligarh,East,164700,144936,19764,140588
2025-09-01,F005,Feeder 05,Agra Urban,West,172800,151546,21254,137907
2025-09-01,F006,Feeder 06,Agra Rural,North,180900,166790,14110,153780
2025-09-01,F007,Feeder 07,Mathura,Central,189000,171423,17577,160109
2025-09-01,F008,Feeder 08,Aligarh,East,190800,170194,20606,161004
2025-09-01,F009,Feeder 09,Agra Urban,West,198900,176822,22078,169395
2025-09-01,F010,Feeder 10,Agra Rural,North,207000,180918,26082,175490
2025-09-01,F011,Feeder 11,Mathura,Central,215100,197677,17423,179886
2025-09-01,F012,Feeder 12,Aligarh,East,223200,201773,21427,186035
2025-10-01,F001,Feeder 01,Agra Urban,West,143200,132030,11170,124900
2025-10-01,F002,Feeder 02,Agra Rural,North,152200,138045,14155,132247
2025-10-01,F003,Feeder 03,Mathura,Central,161200,143790,17410,139476
2025-10-01,F004,Feeder 04,Aligarh,East,170200,151308,18892,137690
2025-10-01,F005,Feeder 05,Agra Urban,West,172900,151115,21785,139328
2025-10-01,F006,Feeder 06,Agra Rural,North,181900,167166,14734,156133
2025-10-01,F007,Feeder 07,Mathura,Central,190900,172574,18326,163255
2025-10-01,F008,Feeder 08,Aligarh,East,193600,174434,19166,167108
2025-10-01,F009,Feeder 09,Agra Urban,West,202600,179504,23096,174119
2025-10-01,F010,Feeder 10,Agra Rural,North,211600,184304,27296,167717
2025-10-01,F011,Feeder 11,Mathura,Central,220600,202070,18530,186309
2025-10-01,F012,Feeder 12,Aligarh,East,223300,203873,19427,190417
2025-11-01,F001,Feeder 01,Agra Urban,West,146000,134174,11826,128539
2025-11-01,F002,Feeder 02,Agra Rural,North,155900,140934,14966,136706
2025-11-01,F003,Feeder 03,Mathura,Central,165800,149386,16414,135941
2025-11-01,F004,Feeder 04,Aligarh,East,169400,150088,19312,138381
2025-11-01,F005,Feeder 05,Agra Urban,West,179300,156170,23130,145863
2025-11-01,F006,Feeder 06,Agra Rural,North,182900,167536,15364,158489
2025-11-01,F007,Feeder 07,Mathura,Central,192800,176026,16774,168633
2025-11-01,F008,Feeder 08,Aligarh,East,196400,176367,20033,171076
2025-11-01,F009,Feeder 09,Agra Urban,West,206300,182163,24137,165768
2025-11-01,F010,Feeder 10,Agra Rural,North,216200,187662,28538,173024
2025-11-01,F011,Feeder 11,Mathura,Central,219800,203315,16485,189896
2025-11-01,F012,Feeder 12,Aligarh,East,229700,209027,20673,197740
2025-12-01,F001,Feeder 01,Agra Urban,West,148800,136301,12499,132212
2025-12-01,F002,Feeder 02,Agra Rural,North,159600,145715,13885,132601
2025-12-01,F003,Feeder 03,Mathura,Central,164100,147362,16738,135868
2025-12-01,F004,Feeder 04,Aligarh,East,174900,154437,20463,144244
2025-12-01,F005,Feeder 05,Agra Urban,West,179400,155719,23681,147310
2025-12-01,F006,Feeder 06,Agra Rural,North,190200,175935,14265,168546
2025-12-01,F007,Feeder 07,Mathura,Central,194700,177177,17523,171862
2025-12-01,F008,Feeder 08,Aligarh,East,199200,178284,20916,162238
2025-12-01,F009,Feeder 09,Agra Urban,West,210000,184800,25200,170386
2025-12-01,F010,Feeder 10,Agra Rural,North,214500,188116,26384,175700
2025-12-01,F011,Feeder 11,Mathura,Central,225300,207727,17573,196510
2025-12-01,F012,Feeder 12,Aligarh,East,229800,208429,21371,199675
