month,transformer_id,feeder_id,division,capacity_kva,avg_load_pct,energy_supplied_kwh
2025-01-01,T001,F001,Agra Urban,250,71,7565
2025-01-01,T002,F002,Agra Rural,315,78,10539
2025-01-01,T003,F003,Mathura,400,85,14610
2025-01-01,T004,F004,Aligarh,500,92,19760
2025-01-01,T005,F005,Agra Urban,250,70,7900
2025-01-01,T006,F006,Agra Rural,315,77,10847
2025-01-01,T007,F007,Mathura,400,84,14882
2025-01-01,T008,F008,Aligarh,500,91,19990
2025-01-01,T009,F009,Agra Urban,250,69,8235
2025-01-01,T010,F010,Agra Rural,315,76,11155
2025-01-01,T011,F011,Mathura,400,83,15154
2025-01-01,T012,F012,Aligarh,500,90,20220
2025-01-01,T013,F001,Agra Urban,250,68,8570
2025-01-01,T014,F002,Agra Rural,315,75,11463
2025-01-01,T015,F003,Mathura,400,82,15426
2025-01-01,T016,F004,Aligarh,500,89,20450
2025-01-01,T017,F005,Agra Urban,250,67,8905
2025-01-01,T018,F006,Agra Rural,315,74,11770
2025-01-01,T019,F007,Mathura,400,81,15698
2025-01-01,T020,F008,Aligarh,500,88,20680
2025-01-01,T021,F009,Agra Urban,250,66,9240
2025-01-01,T022,F010,Agra Rural,315,73,12078
2025-01-01,T023,F011,Mathura,400,80,15970
2025-01-01,T024,F012,Aligarh,500,87,20910
2025-02-01,T001,F001,Agra Urban,250,74,8730
2025-02-01,T002,F002,Agra Rural,315,81,11786
2025-02-01,T003,F003,Mathura,400,88,15964
2025-02-01,T004,F004,Aligarh,500,66,15150
2025-02-01,T005,F005,Agra Urban,250,73,9065
2025-02-01,T006,F006,Agra Rural,315,80,12094
2025-02-01,T007,F007,Mathura,400,87,16236
2025-02-01,T008,F008,Aligarh,500,65,15380
2025-02-01,T009,F009,Agra Urban,250,72,9400
2025-02-01,T010,F010,Agra Rural,315,79,12402
2025-02-01,T011,F011,Mathura,400,86,16508
2025-02-01,T012,F012,Aligarh,500,64,15610
2025-02-01,T013,F001,Agra Urban,250,71,9735
2025-02-01,T014,F002,Agra Rural,315,78,12709
2025-02-01,T015,F003,Mathura,400,85,16780
2025-02-01,T016,F004,Aligarh,500,92,21930
2025-02-01,T017,F005,Agra Urban,250,70,10070
2025-02-01,T018,F006,Agra Rural,315,77,13017
2025-02-01,T019,F007,Mathura,400,84,17052
2025-02-01,T020,F008,Aligarh,500,91,22160
2025-02-01,T021,F009,Agra Urban,250,69,10405
2025-02-01,T022,F010,Agra Rural,315,76,13325
2025-02-01,T023,F011,Mathura,400,83,17324
2025-02-01,T024,F012,Aligarh,500,90,22390
2025-03-01,T001,F001,Agra Urban,250,77,9895
2025-03-01,T002,F002,Agra Rural,315,84,13033
2025-03-01,T003,F003,Mathura,400,91,17318
2025-03-01,T004,F004,Aligarh,500,69,16630
2025-03-01,T005,F005,Agra Urban,250,76,10230
2025-03-01,T006,F006,Agra Rural,315,83,13341
2025-03-01,T007,F007,Mathura,400,90,17590
2025-03-01,T008,F008,Aligarh,500,68,16860
2025-03-01,T009,F009,Agra Urban,250,75,10565
2025-03-01,T010,F010,Agra Rural,315,82,13649
2025-03-01,T011,F011,Mathura,400,89,17862
2025-03-01,T012,F012,Aligarh,500,67,17090
2025-03-01,T013,F001,Agra Urban,250,74,10900
2025-03-01,T014,F002,Agra Rural,315,81,13956
2025-03-01,T015,F003,Mathura,400,88,18134
2025-03-01,T016,F004,Aligarh,500,66,17320
2025-03-01,T017,F005,Agra Urban,250,73,11235
2025-03-01,T018,F006,Agra Rural,315,80,14264
2025-03-01,T019,F007,Mathura,400,87,18406
2025-03-01,T020,F008,Aligarh,500,65,17550
2025-03-01,T021,F009,Agra Urban,250,72,11570
2025-03-01,T022,F010,Agra Rural,315,79,14572
2025-03-01,T023,F011,Mathura,400,86,18678
2025-03-01,T024,F012,Aligarh,500,64,17780
2025-04-01,T001,F001,Agra Urban,250,80,11060
2025-04-01,T002,F002,Agra Rural,315,87,14280
2025-04-01,T003,F003,Mathura,400,65,13800
2025-04-01,T004,F004,Aligarh,500,72,18110
2025-04-01,T005,F005,Agra Urban,250,79,11395
2025-04-01,T006,F006,Agra Rural,315,86,14588
2025-04-01,T007,F007,Mathura,400,64,14072
2025-04-01,T008,F008,Aligarh,500,71,18340
2025-04-01,T009,F009,Agra Urban,250,78,11730
2025-04-01,T010,F010,Agra Rural,315,85,14896
2025-04-01,T011,F011,Mathura,400,92,19216
2025-04-01,T012,F012,Aligarh,500,70,18570
2025-04-01,T013,F001,Agra Urban,250,77,12065
2025-04-01,T014,F002,Agra Rural,315,84,15203
2025-04-01,T015,F003,Mathura,400,91,19488
2025-04-01,T016,F004,Aligarh,500,69,18800
2025-04-01,T017,F005,Agra Urban,250,76,12400
2025-04-01,T018,F006,Agra Rural,315,83,15511
2025-04-01,T019,F007,Mathura,400,90,19760
2025-04-01,T020,F008,Aligarh,500,68,19030
2025-04-01,T021,F009,Agra Urban,250,75,12735
2025-04-01,T022,F010,Agra Rural,315,82,15819
2025-04-01,T023,F011,Mathura,400,89,20032
2025-04-01,T024,F012,Aligarh,500,67,19260
2025-05-01,T001,F001,Agra Urban,250,83,12225
2025-05-01,T002,F002,Agra Rural,315,90,15527
2025-05-01,T003,F003,Mathura,400,68,15154
2025-05-01,T004,F004,Aligarh,500,75,19590
2025-05-01,T005,F005,Agra Urban,250,82,12560
2025-05-01,T006,F006,Agra Rural,315,89,15835
2025-05-01,T007,F007,Mathura,400,67,15426
2025-05-01,T008,F008,Aligarh,500,74,19820
2025-05-01,T009,F009,Agra Urban,250,81,12895
2025-05-01,T010,F010,Agra Rural,315,88,16142
2025-05-01,T011,F011,Mathura,400,66,15698
2025-05-01,T012,F012,Aligarh,500,73,20050
2025-05-01,T013,F001,Agra Urban,250,80,13230
2025-05-01,T014,F002,Agra Rural,315,87,16450
2025-05-01,T015,F003,Mathura,400,65,15970
2025-05-01,T016,F004,Aligarh,500,72,20280
2025-05-01,T017,F005,Agra Urban,250,79,13565
2025-05-01,T018,F006,Agra Rural,315,86,16758
2025-05-01,T019,F007,Mathura,400,64,16242
2025-05-01,T020,F008,Aligarh,500,71,20510
2025-05-01,T021,F009,Agra Urban,250,78,13900
2025-05-01,T022,F010,Agra Rural,315,85,17066
2025-05-01,T023,F011,Mathura,400,92,21386
2025-05-01,T024,F012,Aligarh,500,70,20740
2025-06-01,T001,F001,Agra Urban,250,86,13390
2025-06-01,T002,F002,Agra Rural,315,64,12937
2025-06-01,T003,F003,Mathura,400,71,16508
2025-06-01,T004,F004,Aligarh,500,78,21070
2025-06-01,T005,F005,Agra Urban,250,85,13725
2025-06-01,T006,F006,Agra Rural,315,92,17082
2025-06-01,T007,F007,Mathura,400,70,16780
2025-06-01,T008,F008,Aligarh,500,77,21300
2025-06-01,T009,F009,Agra Urban,250,84,14060
2025-06-01,T010,F010,Agra Rural,315,91,17389
2025-06-01,T011,F011,Mathura,400,69,17052
2025-06-01,T012,F012,Aligarh,500,76,21530
2025-06-01,T013,F001,Agra Urban,250,83,14395
2025-06-01,T014,F002,Agra Rural,315,90,17697
2025-06-01,T015,F003,Mathura,400,68,17324
2025-06-01,T016,F004,Aligarh,500,75,21760
2025-06-01,T017,F005,Agra Urban,250,82,14730
2025-06-01,T018,F006,Agra Rural,315,89,18005
2025-06-01,T019,F007,Mathura,400,67,17596
2025-06-01,T020,F008,Aligarh,500,74,21990
2025-06-01,T021,F009,Agra Urban,250,81,15065
2025-06-01,T022,F010,Agra Rural,315,88,18312
2025-06-01,T023,F011,Mathura,400,66,17868
2025-06-01,T024,F012,Aligarh,500,73,22220
2025-07-01,T001,F001,Agra Urban,250,89,14555
2025-07-01,T002,F002,Agra Rural,315,67,14184
2025-07-01,T003,F003,Mathura,400,74,17862
2025-07-01,T004,F004,Aligarh,500,81,22550
2025-07-01,T005,F005,Agra Urban,250,88,14890
2025-07-01,T006,F006,Agra Rural,315,66,14492
2025-07-01,T007,F007,Mathura,400,73,18134
2025-07-01,T008,F008,Aligarh,500,80,22780
2025-07-01,T009,F009,Agra Urban,250,87,15225
2025-07-01,T010,F010,Agra Rural,315,65,14800
2025-07-01,T011,F011,Mathura,400,72,18406
2025-07-01,T012,F012,Aligarh,500,79,23010
2025-07-01,T013,F001,Agra Urban,250,86,15560
2025-07-01,T014,F002,Agra Rural,315,64,15107
2025-07-01,T015,F003,Mathura,400,71,18678
2025-07-01,T016,F004,Aligarh,500,78,23240
2025-07-01,T017,F005,Agra Urban,250,85,15895
2025-07-01,T018,F006,Agra Rural,315,92,19252
2025-07-01,T019,F007,Mathura,400,70,18950
2025-07-01,T020,F008,Aligarh,500,77,23470
2025-07-01,T021,F009,Agra Urban,250,84,16230
2025-07-01,T022,F010,Agra Rural,315,91,19559
2025-07-01,T023,F011,Mathura,400,69,19222
2025-07-01,T024,F012,Aligarh,500,76,23700
2025-08-01,T001,F001,Agra Urban,250,92,15720
2025-08-01,T002,F002,Agra Rural,315,70,15431
2025-08-01,T003,F003,Mathura,400,77,19216
2025-08-01,T004,F004,Aligarh,500,84,24030
2025-08-01,T005,F005,Agra Urban,250,91,16055
2025-08-01,T006,F006,Agra Rural,315,69,15739
2025-08-01,T007,F007,Mathura,400,76,19488
2025-08-01,T008,F008,Aligarh,500,83,24260
2025-08-01,T009,F009,Agra Urban,250,90,16390
2025-08-01,T010,F010,Agra Rural,315,68,16046
2025-08-01,T011,F011,Mathura,400,75,19760
2025-08-01,T012,F012,Aligarh,500,82,24490
2025-08-01,T013,F001,Agra Urban,250,89,16725
2025-08-01,T014,F002,Agra Rural,315,67,16354
2025-08-01,T015,F003,Mathura,400,74,20032
2025-08-01,T016,F004,Aligarh,500,81,24720
2025-08-01,T017,F005,Agra Urban,250,88,17060
2025-08-01,T018,F006,Agra Rural,315,66,16662
2025-08-01,T019,F007,Mathura,400,73,20304
2025-08-01,T020,F008,Aligarh,500,80,24950
2025-08-01,T021,F009,Agra Urban,250,87,17395
2025-08-01,T022,F010,Agra Rural,315,65,16970
2025-08-01,T023,F011,Mathura,400,72,20576
2025-08-01,T024,F012,Aligarh,500,79,25180
2025-09-01,T001,F001,Agra Urban,250,66,13840
2025-09-01,T002,F002,Agra Rural,315,73,16678
2025-09-01,T003,F003,Mathura,400,80,20570
2025-09-01,T004,F004,Aligarh,500,87,25510
2025-09-01,T005,F005,Agra Urban,250,65,14175
2025-09-01,T006,F006,Agra Rural,315,72,16986
2025-09-01,T007,F007,Mathura,400,79,20842
2025-09-01,T008,F008,Aligarh,500,86,25740
2025-09-01,T009,F009,Agra Urban,250,64,14510
2025-09-01,T010,F010,Agra Rural,315,71,17293
2025-09-01,T011,F011,Mathura,400,78,21114
2025-09-01,T012,F012,Aligarh,500,85,25970
2025-09-01,T013,F001,Agra Urban,250,92,17890
2025-09-01,T014,F002,Agra Rural,315,70,17601
2025-09-01,T015,F003,Mathura,400,77,21386
2025-09-01,T016,F004,Aligarh,500,84,26200
2025-09-01,T017,F005,Agra Urban,250,91,18225
2025-09-01,T018,F006,Agra Rural,315,69,17909
2025-09-01,T019,F007,Mathura,400,76,21658
2025-09-01,T020,F008,Aligarh,500,83,26430
2025-09-01,T021,F009,Agra Urban,250,90,18560
2025-09-01,T022,F010,Agra Rural,315,68,18216
2025-09-01,T023,F011,Mathura,400,75,21930
2025-09-01,T024,F012,Aligarh,500,82,26660
2025-10-01,T001,F001,Agra Urban,250,69,15005
2025-10-01,T002,F002,Agra Rural,315,76,17925
2025-10-01,T003,F003,Mathura,400,83,21924
2025-10-01,T004,F004,Aligarh,500,90,26990
2025-10-01,T005,F005,Agra Urban,250,68,15340
2025-10-01,T006,F006,Agra Rural,315,75,18233
2025-10-01,T007,F007,Mathura,400,82,22196
2025-10-01,T008,F008,Aligarh,500,89,27220
2025-10-01,T009,F009,Agra Urban,250,67,15675
2025-10-01,T010,F010,Agra Rural,315,74,18540
2025-10-01,T011,F011,Mathura,400,81,22468
2025-10-01,T012,F012,Aligarh,500,88,27450
2025-10-01,T013,F001,Agra Urban,250,66,16010
2025-10-01,T014,F002,Agra Rural,315,73,18848
2025-10-01,T015,F003,Mathura,400,80,22740
2025-10-01,T016,F004,Aligarh,500,87,27680
2025-10-01,T017,F005,Agra Urban,250,65,16345
2025-10-01,T018,F006,Agra Rural,315,72,19156
2025-10-01,T019,F007,Mathura,400,79,23012
2025-10-01,T020,F008,Aligarh,500,86,27910
2025-10-01,T021,F009,Agra Urban,250,64,16680
2025-10-01,T022,F010,Agra Rural,315,71,19463
2025-10-01,T023,F011,Mathura,400,78,23284
2025-10-01,T024,F012,Aligarh,500,85,28140
2025-11-01,T001,F001,Agra Urban,250,72,16170
2025-11-01,T002,F002,Agra Rural,315,79,19172
2025-11-01,T003,F003,Mathura,400,86,23278
2025-11-01,T004,F004,Aligarh,500,64,22380
2025-11-01,T005,F005,Agra Urban,250,71,16505
2025-11-01,T006,F006,Agra Rural,315,78,19479
2025-11-01,T007,F007,Mathura,400,85,23550
2025-11-01,T008,F008,Aligarh,500,92,28700
2025-11-01,T009,F009,Agra Urban,250,70,16840
2025-11-01,T010,F010,Agra Rural,315,77,19787
2025-11-01,T011,F011,Mathura,400,84,23822
2025-11-01,T012,F012,Aligarh,500,91,28930
2025-11-01,T013,F001,Agra Urban,250,69,17175
2025-11-01,T014,F002,Agra Rural,315,76,20095
2025-11-01,T015,F003,Mathura,400,83,24094
2025-11-01,T016,F004,Aligarh,500,90,29160
2025-11-01,T017,F005,Agra Urban,250,68,17510
2025-11-01,T018,F006,Agra Rural,315,75,20403
2025-11-01,T019,F007,Mathura,400,82,24366
2025-11-01,T020,F008,Aligarh,500,89,29390
2025-11-01,T021,F009,Agra Urban,250,67,17845
2025-11-01,T022,F010,Agra Rural,315,74,20710
2025-11-01,T023,F011,Mathura,400,81,24638
2025-11-01,T024,F012,Aligarh,500,88,29620
2025-12-01,T001,F001,Agra Urban,250,75,17335
2025-12-01,T002,F002,Agra Rural,315,82,20419
2025-12-01,T003,F003,Mathura,400,89,24632
2025-12-01,T004,F004,Aligarh,500,67,23860
2025-12-01,T005,F005,Agra Urban,250,74,17670
2025-12-01,T006,F006,Agra Rural,315,81,20726
2025-12-01,T007,F007,Mathura,400,88,24904
2025-12-01,T008,F008,Aligarh,500,66,24090
2025-12-01,T009,F009,Agra Urban,250,73,18005
2025-12-01,T010,F010,Agra Rural,315,80,21034
2025-12-01,T011,F011,Mathura,400,87,25176
2025-12-01,T012,F012,Aligarh,500,65,24320
2025-12-01,T013,F001,Agra Urban,250,72,18340
2025-12-01,T014,F002,Agra Rural,315,79,21342
2025-12-01,T015,F003,Mathura,400,86,25448
2025-12-01,T016,F004,Aligarh,500,64,24550
2025-12-01,T017,F005,Agra Urban,250,71,18675
2025-12-01,T018,F006,Agra Rural,315,78,21649
2025-12-01,T019,F007,Mathura,400,85,25720
2025-12-01,T020,F008,Aligarh,500,92,30870
2025-12-01,T021,F009,Agra Urban,250,70,19010
2025-12-01,T022,F010,Agra Rural,315,77,21957
2025-12-01,T023,F011,Mathura,400,84,25992
2025-12-01,T024,F012,Aligarh,500,91,31100
